c---zaDCTaE_Church_bell,0
fCZi6I6kPpU_Church_bell,0
EV1bVf8Bldk_Church_bell,0
OXvrQ0XIAeM_Church_bell,0
DxQmMOIMRt0_Church_bell,0
lDo2BlqTNhs_Church_bell,0
rqkPh5iYujg_Church_bell,0
WBdWZGDIQ5E_Church_bell,0
bzWIuMC8Vl8_Church_bell,0
qRUirWhTreY_Church_bell,0
8H9eDAVMtMc_Church_bell,0
qFh2hzDKpOQ_Church_bell,0
5wHd0VafUAA_Church_bell,0
tEx2DyBtFuk_Church_bell,0
5mBCF05DV5s_Church_bell,0
PBNiUVkJn9U_Church_bell,0
2wrDhwN-NvQ_Church_bell,0
TKd9459xiBk_Church_bell,0
dnGW30q_7IA_Church_bell,0
mywvRrNg2IE_Church_bell,0
k9QU0rLvu70_Church_bell,0
BypBw80i7GA_Church_bell,0
F9zSHQFLLOg_Church_bell,0
5hGZVNAzZ1U_Church_bell,0
0FBFWPKJNIU_Church_bell,0
_QQP43H56TA_Church_bell,0
8-b-6bZ2q18_Church_bell,0
EMENiImb_1Y_Church_bell,0
FBNg2jl_K7c_Church_bell,0
Ttqaq9OhRZ4_Church_bell,0
sHeesHmUoIo_Church_bell,0
b6nkPmL55po_Church_bell,0
ChHA4I5DWVo_Church_bell,0
howjD-RiwKA_Church_bell,0
NwfdXxNB6zs_Church_bell,0
5UAwQRotU9Q_Church_bell,0
ljRo59Lb71I_Church_bell,0
i7LbVHMrs_8_Church_bell,0
RUQfqCEo734_Church_bell,0
HtT13EI1_tA_Church_bell,0
N_bL5F7K9IA_Church_bell,0
iMBjRWoBkoI_Church_bell,0
NlNaUpYSagQ_Church_bell,0
utIXg-Dp2Yg_Church_bell,0
F70PNukSzMw_Church_bell,0
mkijyf_P1Wo_Church_bell,0
iAendlwoWYU_Church_bell,0
TTYevyM_tUw_Church_bell,0
vX8BvVKMfqc_Church_bell,0
e-MkVbRmlIo_Church_bell,0
g0DAdD46HB0_Church_bell,0
mgsi5Glqi7g_Church_bell,0
B1tbHqjK434_Church_bell,0
-mlWcker_3o_Church_bell,0
ah-Z4NPR1v0_Church_bell,0
kPsni0gM26A_Church_bell,0
235CwPMzBUU_Church_bell,0
Wlx6cREoAo4_Church_bell,0
gxI_VHCV6qM_Church_bell,0
Dzb1TlmWmYM_Church_bell,0
WM5R44UMLq0_Church_bell,0
iHCnXCi1-Xg_Church_bell,0
Xq5oTX4-Hnc_Church_bell,0
RUhOCu3LNXM_Church_bell,0
nRKU5Ns6cnU_Church_bell,0
AiJTCFtN0BY_Church_bell,0
l0QJ30VXvGA_Church_bell,0
0A0xlHVADkw_Church_bell,0
aMqrOEG5AxE_Church_bell,0
4vjDR_uDA-Q_Church_bell,0
FMlIzLuIGzw_Church_bell,0
Puo5cNcwawA_Church_bell,0
LV4ueNAZVrM_Church_bell,0
4c0uLxgFiVc_Church_bell,0
WW8Scmk5YsM_Church_bell,0
4akybxlJ67I_Church_bell,0
LZYidtJoWO8_Church_bell,0
LVfwQqtcSfw_Church_bell,0
pkdMwCqjtzw_Church_bell,0
eLJ-1bzHleU_Church_bell,0
gtqH0ghizQo_Church_bell,0
v-fC_-v8gj0_Church_bell,0
1mOHH9xPSRI_Church_bell,0
MCINU6Rb75E_Church_bell,0
ovlSmajJXxc_Church_bell,0
XtayTXu581w_Church_bell,0
1_4j6VRHZAw_Church_bell,0
Qocj8lVXvWA_Church_bell,0
e_5ngCwYckE_Church_bell,0
3IQHzT5O89g_Church_bell,0
rAk7tyXYIU8_Church_bell,0
Zlwu4AROYzg_Church_bell,0
nUo8RVTx_d4_Church_bell,0
Gavpgq1WWh4_Church_bell,0
IW-EBHnhHAI_Church_bell,0
oM5CRdBtKao_Church_bell,0
9U3n8WVLTKQ_Church_bell,0
oKkx_7snEP8_Church_bell,0
qMZ1nj4fDas_Church_bell,0
88pXcwZowhM_Church_bell,0
QPXMFPTuxJM_Church_bell,0
b63av9FMnMA_Church_bell,0
otz4AffLKKA_Church_bell,0
cjhDu8BokA0_Church_bell,0
i5DOcfr2h18_Church_bell,0
aMacjQ9_4FY_Church_bell,0
fbjHO8McLxk_Church_bell,0
HE6-xn3yROY_Church_bell,0
V8jbmbQk0yI_Church_bell,0
RmnYpN3XxXw_Church_bell,0
iXpsqeezqJg_Church_bell,0
7DbsH87BZHs_Church_bell,0
MQLRFWXq8MY_Church_bell,0
2GhLSOPjGMA_Church_bell,0
80TUHi-3QuI_Church_bell,0
Rnc4N2vVoV8_Church_bell,0
aAM11PIFB4I_Church_bell,0
Sqgc73hM6kA_Church_bell,0
LUio86WKdfc_Church_bell,0
tr-C-X-GOXk_Church_bell,0
Rar7ZLJbxO8_Church_bell,0
kXsp1e7LuvA_Church_bell,0
JYtxd-8D6OU_Church_bell,0
Tc1822d78oA_Church_bell,0
g74_yD24iks_Church_bell,0
-J2WJaG1Dd4_Church_bell,0
g4yvlYbG1Mg_Church_bell,0
D-1zfO68xNg_Church_bell,0
frml0pfb_Jk_Church_bell,0
HeZr6sKmSgM_Church_bell,0
e0vkDOf20AU_Church_bell,0
dS8UpWyUilQ_Church_bell,0
f8uli6eFAss_Church_bell,0
dVeOxT3fT8c_Church_bell,0
GEJqlH0mCX8_Church_bell,0
3uDl8Uyu-Fc_Church_bell,0
aCFSsc8Q4So_Church_bell,0
oCYJZmi--QQ_Church_bell,0
7KKnsh4AkQk_Church_bell,0
g55aHorM9fc_Church_bell,0
uYB1VQ52h6s_Church_bell,0
FuKgspEtMTo_Church_bell,0
MH3m4AwEcRY_Church_bell,0
A7L1ppU17Is_Church_bell,0
d88slBelHe8_Church_bell,0
TEAHz5kw8dM_Church_bell,0
b3AAWs6-uas_Church_bell,0
eRF4KAXdn0w_Church_bell,0
gjCew0Kp0iM_Church_bell,0
3ABx8xzQcs4_Church_bell,0
C6PT_vPExmc_Church_bell,0
0I_WwkebbeM_Male_speech__man_speaking,1
-ccciEuH9FE_Male_speech__man_speaking,1
0PGdsvvYLag_Male_speech__man_speaking,1
0KRqW2_b2wI_Male_speech__man_speaking,1
00N83yxKYUI_Male_speech__man_speaking,1
0FJMXT1NJQM_Male_speech__man_speaking,1
08IBKf1jJQ8_Male_speech__man_speaking,1
-UCPBAWhQAM_Male_speech__man_speaking,1
0RrXwp-m6uY_Male_speech__man_speaking,1
0779k0IOxkw_Male_speech__man_speaking,1
-AVfxHm4Y9A_Male_speech__man_speaking,1
0LJrMyxxxfo_Male_speech__man_speaking,1
-Yus8Ut2fUE_Male_speech__man_speaking,1
-Jnhn1NE54g_Male_speech__man_speaking,1
-3jhHgFEUp4_Male_speech__man_speaking,1
-EsCFzhpfCI_Male_speech__man_speaking,1
-H6BJfRqeno_Male_speech__man_speaking,1
-vx9zMc57AU_Male_speech__man_speaking,1
-GSCu896zWQ_Male_speech__man_speaking,1
0MWno7YOWK4_Male_speech__man_speaking,1
0dOhn114Xng_Male_speech__man_speaking,1
0pe9Azqa3N8_Male_speech__man_speaking,1
0GUjeQgnxq0_Male_speech__man_speaking,1
-2mdF47kZ2o_Male_speech__man_speaking,1
0rv-EVSEUUU_Male_speech__man_speaking,1
04pxOCRZfhg_Male_speech__man_speaking,1
0RoAsnTIm5Q_Male_speech__man_speaking,1
-tbgjodN-EU_Male_speech__man_speaking,1
0zPU4mw3bvY_Male_speech__man_speaking,1
0I9Vt2x71d8_Male_speech__man_speaking,1
0qvQIuQoODo_Male_speech__man_speaking,1
-v9k87jYE0Q_Male_speech__man_speaking,1
00AoQ3PeETk_Male_speech__man_speaking,1
-pi6fEexydo_Male_speech__man_speaking,1
0duq5feaxqY_Male_speech__man_speaking,1
-TCDqe327us_Male_speech__man_speaking,1
0wVM3uHLbfE_Male_speech__man_speaking,1
14S_r3opEFY_Male_speech__man_speaking,1
17PmRIJG9BQ_Male_speech__man_speaking,1
0vjGsf9FLgE_Male_speech__man_speaking,1
-mstarcmomw_Male_speech__man_speaking,1
-XmzKGZUnA4_Male_speech__man_speaking,1
0BhWZstb-Ns_Male_speech__man_speaking,1
0Glu5tCvIo0_Male_speech__man_speaking,1
-n4MmiWZnGc_Male_speech__man_speaking,1
-N0eWDX5v8Y_Male_speech__man_speaking,1
0rpm7fu8kOA_Male_speech__man_speaking,1
15pI-cO__lE_Male_speech__man_speaking,1
0mwUH8lRgFc_Male_speech__man_speaking,1
-qesxG4nu14_Male_speech__man_speaking,1
-oxIb4pGuh4_Male_speech__man_speaking,1
17gznXK9h44_Male_speech__man_speaking,1
-j9TbKCJMwI_Male_speech__man_speaking,1
-ogkuDwDw_s_Male_speech__man_speaking,1
0fLBygmve-E_Male_speech__man_speaking,1
-J_mFjrsMlo_Male_speech__man_speaking,1
0RnOTiwvgK4_Male_speech__man_speaking,1
-FdpRMw2CYs_Male_speech__man_speaking,1
06OCI6Yo7a0_Male_speech__man_speaking,1
0FF2Dm9GMDE_Male_speech__man_speaking,1
17tdWaF8VdA_Male_speech__man_speaking,1
0BV2NBQzQ5A_Male_speech__man_speaking,1
0zz6Hz52uHs_Male_speech__man_speaking,1
0rCdk2iMHSQ_Male_speech__man_speaking,1
018WshwFA94_Male_speech__man_speaking,1
-RlKkB4IcwE_Male_speech__man_speaking,1
0PS5dpjl7Vk_Male_speech__man_speaking,1
-4p4mZRIJ1s_Male_speech__man_speaking,1
-JDu_58J-vY_Male_speech__man_speaking,1
--HuBNHXu9I_Male_speech__man_speaking,1
0Bq0HyHm6_8_Male_speech__man_speaking,1
0z5DjT0a860_Male_speech__man_speaking,1
0Te4VzJujsw_Male_speech__man_speaking,1
-BQU6akf0qQ_Male_speech__man_speaking,1
0BtXs8pJmOg_Male_speech__man_speaking,1
0f7iF3vw50Y_Male_speech__man_speaking,1
-q4HLzyMUxc_Male_speech__man_speaking,1
-nJIexRFfVQ_Male_speech__man_speaking,1
-JZQwilSX9k_Male_speech__man_speaking,1
-t03ktje7jE_Male_speech__man_speaking,1
-NhJg_6k9CU_Male_speech__man_speaking,1
0EJFXZmK4LM_Male_speech__man_speaking,1
04Q-e-iNVi8_Male_speech__man_speaking,1
-oLwINFIPQs_Male_speech__man_speaking,1
0-aEZiPFkzE_Male_speech__man_speaking,1
-s3-Hnlvr3c_Male_speech__man_speaking,1
-wRJDykO59w_Male_speech__man_speaking,1
-YpRG5qEj-A_Male_speech__man_speaking,1
0-tUz87_uLU_Male_speech__man_speaking,1
17AsI52QIx8_Male_speech__man_speaking,1
03tTdPYjDbI_Male_speech__man_speaking,1
0teEyWmhLj4_Male_speech__man_speaking,1
-LvLoYGVfX4_Male_speech__man_speaking,1
0HGsJff6DOo_Male_speech__man_speaking,1
-lyM-5oOCjI_Male_speech__man_speaking,1
-QmzOJHDwH8_Male_speech__man_speaking,1
0doFG6PA1vs_Male_speech__man_speaking,1
0MosKyMBihk_Male_speech__man_speaking,1
0qPqcZFmwEQ_Male_speech__man_speaking,1
00vW6hUFKRQ_Male_speech__man_speaking,1
-_TT79lrHvU_Male_speech__man_speaking,1
-3rT1s94s3c_Male_speech__man_speaking,1
0Qt3f3Mj2Gs_Male_speech__man_speaking,1
-oQdrnUIhVw_Male_speech__man_speaking,1
-tmrgIt90mA_Male_speech__man_speaking,1
0g_yL-_a0k8_Male_speech__man_speaking,1
0wl59FGpEIw_Male_speech__man_speaking,1
-1UcysYcIKg_Male_speech__man_speaking,1
11RPJloKKWw_Male_speech__man_speaking,1
-DynYB9o5yg_Male_speech__man_speaking,1
0giAfYq9oVM_Male_speech__man_speaking,1
0JDc79hZo5k_Male_speech__man_speaking,1
-W_RCk7aPOg_Male_speech__man_speaking,1
-q_9x5bLKyM_Male_speech__man_speaking,1
0Gr7r7oTlqo_Male_speech__man_speaking,1
-hChcJAh5N0_Male_speech__man_speaking,1
-9R4WPSKE3Q_Male_speech__man_speaking,1
-ipvocZCWjs_Male_speech__man_speaking,1
0jK24ewcIdE_Male_speech__man_speaking,1
0X_M1R4YwP4_Male_speech__man_speaking,1
0MekMqiPc3A_Male_speech__man_speaking,1
-2xvB13pgTY_Male_speech__man_speaking,1
-E-Bd2J7Efo_Male_speech__man_speaking,1
0_p7OHdHpiM_Male_speech__man_speaking,1
-v_0rhBaWfQ_Male_speech__man_speaking,1
0SbjiZgDK-M_Male_speech__man_speaking,1
03Uae8NuzNE_Male_speech__man_speaking,1
-eF_bRS5kP0_Male_speech__man_speaking,1
16z_7p3kOQw_Male_speech__man_speaking,1
-sWYVL21pew_Male_speech__man_speaking,1
0yjCNGc9Nrs_Male_speech__man_speaking,1
0nqBKZrV_4o_Male_speech__man_speaking,1
0i24WckNCeE_Male_speech__man_speaking,1
0Jm6aODb5JQ_Male_speech__man_speaking,1
0SLli-eh_Dw_Male_speech__man_speaking,1
092mHVjlvaM_Male_speech__man_speaking,1
-tw8rn9BZ7o_Male_speech__man_speaking,1
-dqRTbErvlU_Male_speech__man_speaking,1
131FX2gFLiE_Male_speech__man_speaking,1
0NYUK2Ba3eA_Male_speech__man_speaking,1
13FuRK9C3Yc_Male_speech__man_speaking,1
-nJBHEz-3ls_Male_speech__man_speaking,1
7KSXUptBBYQ_Bark,2
N-UeTwaW5UQ_Bark,2
M7hcb2v2Z_0_Bark,2
CULZ1SLVGss_Bark,2
As5Pqpb3fsg_Bark,2
DRSiR-dkmU8_Bark,2
FsTXNxD8M2A_Bark,2
B9C0Op7MmkM_Bark,2
FVIFuRVAF5U_Bark,2
L19JIkJveBA_Bark,2
Joa_c5pYD7Y_Bark,2
077_m7wNT3I_Bark,2
7jUSEnnh5Ew_Bark,2
EIy5p1Xdgxs_Bark,2
MXBgLjHZcHA_Bark,2
2xobBryGD3A_Bark,2
2_ljDKHdv6g_Bark,2
N4QGTrobCxs_Bark,2
HdOeLKqorQU_Bark,2
03LzjpuHPT0_Bark,2
-nvJc7KvBJ8_Bark,2
2R8c_BR_kSQ_Bark,2
FM23Hwa0JxI_Bark,2
1uSavuICk1M_Bark,2
2Pdig-LaQo0_Bark,2
KibkO30TIGQ_Bark,2
E_1Asfq8it4_Bark,2
6e0_dUsCsVU_Bark,2
652KFi0iYBc_Bark,2
LyUDAW2U9Z8_Bark,2
FUDwqBG3YaQ_Bark,2
J3_Q0qL3raQ_Bark,2
FIzJB8UAB7s_Bark,2
2QKUFwKvRbA_Bark,2
MkJuGDph-1k_Bark,2
8VFNMp5K9zM_Bark,2
Hdu21U_FVs8_Bark,2
8ElyGpd6vcM_Bark,2
-P6nEMyReaE_Bark,2
9De2rgypTfo_Bark,2
C1EZ_2Fm1O4_Bark,2
J_lweeqInQo_Bark,2
6IiL4MF0Z0s_Bark,2
36xzrUTlmKw_Bark,2
CTwZONeLVrM_Bark,2
3KALVyKRScs_Bark,2
8B0fnWSFtyQ_Bark,2
JJAwEOQr7Co_Bark,2
BaT_gnccoF4_Bark,2
I89oTOuj1Ew_Bark,2
1H2XD5lUp8w_Bark,2
MpMwOWkg1u4_Bark,2
4gyda6wcww0_Bark,2
3mV_kzIAfb8_Bark,2
7a-SlB-TV9o_Bark,2
J0p_joNdGe0_Bark,2
KgKMe6oIkJc_Bark,2
F3AsQHJE5E0_Bark,2
0kTHgSzQkfw_Bark,2
5C2Ogf7efdU_Bark,2
Ao4ls4kFejw_Bark,2
E0IxV6UEqZ8_Bark,2
NDsC25x_gUI_Bark,2
MM9O504q7Zc_Bark,2
5eMCEnwZkcY_Bark,2
1wJoXRIRBfI_Bark,2
EvHgP6eSPxo_Bark,2
3iYj8V-OxJM_Bark,2
K6F1sogt46U_Bark,2
84Fw-jojR6E_Bark,2
6o8Iq_QBZoQ_Bark,2
-9YohOxYZ0Q_Bark,2
JBFvyolYWfA_Bark,2
CNxIeasZD74_Bark,2
12lHWBzDR9E_Bark,2
NOy1JrCodP8_Bark,2
BWPAtch_Xvg_Bark,2
Az3L_C6lAN0_Bark,2
Lj3XXQvlbRg_Bark,2
BJkDuJ2Q3uo_Bark,2
HeLXU0sydjA_Bark,2
MWFQerde_h8_Bark,2
DuYDDdcT-DM_Bark,2
B6kHGmBYycY_Bark,2
Eytilpo3UhE_Bark,2
J-Igx1Ucy-Y_Bark,2
8gYX8XhEOyg_Bark,2
CZVMFTPG_RE_Bark,2
6IKre5MZpAQ_Bark,2
NeWW30WZjPc_Bark,2
3xbAoVtkinI_Bark,2
5pSsC39eUHw_Bark,2
3k06yhK3sfk_Bark,2
IXAL71JiSAI_Bark,2
3nWeAosWK40_Bark,2
E0sj3IDKZME_Bark,2
F2qTJjE0pUc_Bark,2
7Hn6I8Sxr2c_Bark,2
GmetnCLxFHE_Bark,2
7MWwLEBjki8_Bark,2
K-VceyH2f6c_Bark,2
BHdi8AH1McE_Bark,2
-5rnGk2e1ao_Bark,2
0eaVWAwYCyU_Bark,2
8Jil7lxOl3w_Bark,2
CTMn3L0C5kI_Bark,2
8x8WnIpPisw_Bark,2
5KEPA_ORiVI_Bark,2
DxXFfGtu2zQ_Bark,2
2uRe-e8RVEM_Bark,2
Iwz2CW1hsVI_Bark,2
-XZsrkx1QTg_Bark,2
BhO04bUXL54_Bark,2
5-xKnAigQnA_Bark,2
I-1qF2Aa-uQ_Bark,2
H_bgPn81rww_Bark,2
L1wGG8KdOIw_Bark,2
6Flj55tSIQE_Bark,2
8C3AADRMw-4_Bark,2
4AYySiliYAw_Bark,2
1KZ0cJhqmW4_Bark,2
DAa3RlRYqus_Bark,2
6ExUE6V95Tw_Bark,2
LPmkUnCv6ow_Bark,2
4xW7mL-QIQw_Bark,2
Hbbfhs4R31c_Bark,2
0pxLE0wNx-I_Bark,2
JnvJwrYVeJA_Bark,2
-84CyEpynsY_Bark,2
B24WpHI9NBE_Bark,2
LEcrcFHKb-I_Bark,2
CalrtHAXuqs_Bark,2
BKRWEAYxHg0_Bark,2
E1FHRl3Qv_o_Bark,2
5hoASlZuPeQ_Bark,2
2QhjPJv7ido_Bark,2
HA9yvpvCI7o_Bark,2
8zL4trFJ1LY_Fixed-wing_aircraft__airplane,3
0ws3LwMB9ns_Fixed-wing_aircraft__airplane,3
JY26Uaws4DI_Fixed-wing_aircraft__airplane,3
6VDVoRwopWE_Fixed-wing_aircraft__airplane,3
Cvq5cPBfeRI_Fixed-wing_aircraft__airplane,3
8laqrpkzTKU_Fixed-wing_aircraft__airplane,3
GqFSNyW1Iis_Fixed-wing_aircraft__airplane,3
Dzu7hVtOiFM_Fixed-wing_aircraft__airplane,3
KLjwk9s6XsQ_Fixed-wing_aircraft__airplane,3
8DxT_XyaT9w_Fixed-wing_aircraft__airplane,3
G_R-8h08GKk_Fixed-wing_aircraft__airplane,3
AAd3ZzKX1kg_Fixed-wing_aircraft__airplane,3
Fc266wAbj_4_Fixed-wing_aircraft__airplane,3
1dGmguC1hJk_Fixed-wing_aircraft__airplane,3
Ip9JKi2ffg8_Fixed-wing_aircraft__airplane,3
1AfXFAf3trQ_Fixed-wing_aircraft__airplane,3
BRQVmM6fSak_Fixed-wing_aircraft__airplane,3
-8MpVkOt4Hk_Fixed-wing_aircraft__airplane,3
-iAUOrx_4Hw_Fixed-wing_aircraft__airplane,3
J8DZ-gyauXg_Fixed-wing_aircraft__airplane,3
KIFXOrj3lp0_Fixed-wing_aircraft__airplane,3
4cuwf0Sq7lE_Fixed-wing_aircraft__airplane,3
DynoOMg9Mvw_Fixed-wing_aircraft__airplane,3
Cu-W6A6FRPc_Fixed-wing_aircraft__airplane,3
1Co8vdldU2A_Fixed-wing_aircraft__airplane,3
5Xy6dks_Zjw_Fixed-wing_aircraft__airplane,3
5Mo7W3FN6ms_Fixed-wing_aircraft__airplane,3
5_Gi8Bv8wZE_Fixed-wing_aircraft__airplane,3
HNm214SkJPM_Fixed-wing_aircraft__airplane,3
5-I8cdKmRCc_Fixed-wing_aircraft__airplane,3
8vkOYo3ha1Y_Fixed-wing_aircraft__airplane,3
3bZhLPACkUc_Fixed-wing_aircraft__airplane,3
C7aKHANH3Sc_Fixed-wing_aircraft__airplane,3
2xF7HatK22k_Fixed-wing_aircraft__airplane,3
C3q2vSaKlHM_Fixed-wing_aircraft__airplane,3
DO6HpMTSkF4_Fixed-wing_aircraft__airplane,3
ACNFqxv_A0Q_Fixed-wing_aircraft__airplane,3
B58-khpq9Qs_Fixed-wing_aircraft__airplane,3
G5dYqqk97dI_Fixed-wing_aircraft__airplane,3
2DsqCMYTVOQ_Fixed-wing_aircraft__airplane,3
8q5l9_OSl_A_Fixed-wing_aircraft__airplane,3
IuiGNyXXZaE_Fixed-wing_aircraft__airplane,3
55k2oh0wtug_Fixed-wing_aircraft__airplane,3
49ugTlJOSlc_Fixed-wing_aircraft__airplane,3
2coSAx95GQU_Fixed-wing_aircraft__airplane,3
3sV2UltJaKk_Fixed-wing_aircraft__airplane,3
FlIOhn_oQLM_Fixed-wing_aircraft__airplane,3
4nFtdiPKmZ0_Fixed-wing_aircraft__airplane,3
EtwTPin7I1Q_Fixed-wing_aircraft__airplane,3
-6oO5OktZVk_Fixed-wing_aircraft__airplane,3
DBKdnHyDp5U_Fixed-wing_aircraft__airplane,3
66_1TQ1FsT4_Fixed-wing_aircraft__airplane,3
FQpo_whik1o_Fixed-wing_aircraft__airplane,3
BCzr2lsLulY_Fixed-wing_aircraft__airplane,3
0vWh6Knoer8_Fixed-wing_aircraft__airplane,3
0rOrlLPYRzQ_Fixed-wing_aircraft__airplane,3
12jPv5y32w0_Fixed-wing_aircraft__airplane,3
-Mb3QaClyJI_Fixed-wing_aircraft__airplane,3
CN0m9JCu4qA_Fixed-wing_aircraft__airplane,3
5j9AJOlOzJI_Fixed-wing_aircraft__airplane,3
EtdNyMsl1f4_Fixed-wing_aircraft__airplane,3
CNB87LiLXso_Fixed-wing_aircraft__airplane,3
Ie2KkAvU1zU_Fixed-wing_aircraft__airplane,3
5BRITqoxrJ4_Fixed-wing_aircraft__airplane,3
AdovQEX-Jco_Fixed-wing_aircraft__airplane,3
-ZxXzLFFqAA_Fixed-wing_aircraft__airplane,3
DRJL6tJFS98_Fixed-wing_aircraft__airplane,3
FPIVRAQI9Ao_Fixed-wing_aircraft__airplane,3
5qRMgTBO9NU_Fixed-wing_aircraft__airplane,3
8bOXqESYb8o_Fixed-wing_aircraft__airplane,3
-7hEpq9YLs8_Fixed-wing_aircraft__airplane,3
E9jM9yUBZew_Fixed-wing_aircraft__airplane,3
H9zD1nVSw9g_Fixed-wing_aircraft__airplane,3
D8C_w71_4KY_Fixed-wing_aircraft__airplane,3
I-KEgJSZ4c8_Fixed-wing_aircraft__airplane,3
CI6A-TGvlRo_Fixed-wing_aircraft__airplane,3
7633eW447cg_Fixed-wing_aircraft__airplane,3
EY3fFSkPbaA_Fixed-wing_aircraft__airplane,3
Es0nAaj9eaA_Fixed-wing_aircraft__airplane,3
6qupraZ3Nag_Fixed-wing_aircraft__airplane,3
40RKegr9zk8_Fixed-wing_aircraft__airplane,3
1Qdk6W5OaVo_Fixed-wing_aircraft__airplane,3
6cc_-n_lKiA_Fixed-wing_aircraft__airplane,3
HTJLR3jbYTg_Fixed-wing_aircraft__airplane,3
7brboN4nzcE_Fixed-wing_aircraft__airplane,3
21BlW-li2Q4_Fixed-wing_aircraft__airplane,3
0QPmJcB7MZU_Fixed-wing_aircraft__airplane,3
2NRNCVQRJWs_Fixed-wing_aircraft__airplane,3
CtdG32YHaTA_Fixed-wing_aircraft__airplane,3
HQ6bw3Eou1U_Fixed-wing_aircraft__airplane,3
1xKLPsJx7E0_Fixed-wing_aircraft__airplane,3
BTVyXZR_iHM_Fixed-wing_aircraft__airplane,3
-SuOK31Shjo_Fixed-wing_aircraft__airplane,3
-Kj41tZzwUk_Fixed-wing_aircraft__airplane,3
2F-k_NG5Nbo_Fixed-wing_aircraft__airplane,3
3PxyZDi24Hc_Fixed-wing_aircraft__airplane,3
3Xb3gGBvUBY_Fixed-wing_aircraft__airplane,3
E99gGotJmUE_Fixed-wing_aircraft__airplane,3
56KgxEF8yrU_Fixed-wing_aircraft__airplane,3
36I3i529AiQ_Fixed-wing_aircraft__airplane,3
JKJCpS-ejTs_Fixed-wing_aircraft__airplane,3
4CzHeROJhNc_Fixed-wing_aircraft__airplane,3
6nakxDQFBlI_Fixed-wing_aircraft__airplane,3
2yKeNe31rpU_Fixed-wing_aircraft__airplane,3
-LmeyyQrsCA_Fixed-wing_aircraft__airplane,3
1Kd1eUeaKdQ_Fixed-wing_aircraft__airplane,3
4X5rKJYvVfU_Fixed-wing_aircraft__airplane,3
7o74RiDSb_M_Fixed-wing_aircraft__airplane,3
5CC4RUxyCCI_Fixed-wing_aircraft__airplane,3
JH9DchBimmE_Fixed-wing_aircraft__airplane,3
4vird5nc6ik_Fixed-wing_aircraft__airplane,3
052ec29Owas_Fixed-wing_aircraft__airplane,3
Jt2ycIPZ2uU_Fixed-wing_aircraft__airplane,3
Dc1MkxD0vME_Fixed-wing_aircraft__airplane,3
8SQPfoFvUpY_Fixed-wing_aircraft__airplane,3
-Tm1A0YWcY0_Fixed-wing_aircraft__airplane,3
1QLdlIqDyHA_Fixed-wing_aircraft__airplane,3
HyAGOtC2wtM_Fixed-wing_aircraft__airplane,3
HLqhkZAW0K8_Fixed-wing_aircraft__airplane,3
ESEEIPdBkog_Fixed-wing_aircraft__airplane,3
-hFfhRVMYj0_Fixed-wing_aircraft__airplane,3
Hp9Xg_DWJoQ_Fixed-wing_aircraft__airplane,3
95jht_g3AXc_Fixed-wing_aircraft__airplane,3
5nZu6QpfG0g_Fixed-wing_aircraft__airplane,3
EMYgFKAZyf8_Fixed-wing_aircraft__airplane,3
3qOK68-L2cU_Fixed-wing_aircraft__airplane,3
58YmBQRlM0k_Fixed-wing_aircraft__airplane,3
3p-N9U8C8gw_Fixed-wing_aircraft__airplane,3
IvO1zqoBXAA_Fixed-wing_aircraft__airplane,3
BjKc3RcWnM4_Fixed-wing_aircraft__airplane,3
1Hdxp8W6IV0_Fixed-wing_aircraft__airplane,3
F0Hr4Fy89f0_Fixed-wing_aircraft__airplane,3
IOBbVjG2IC8_Fixed-wing_aircraft__airplane,3
7wv251gTz9g_Fixed-wing_aircraft__airplane,3
AQvhFMkI51Y_Fixed-wing_aircraft__airplane,3
36ifFEokXgQ_Fixed-wing_aircraft__airplane,3
9fjgGUKumyM_Fixed-wing_aircraft__airplane,3
D2BfXuSxZLg_Fixed-wing_aircraft__airplane,3
ANcBSwpwbZc_Fixed-wing_aircraft__airplane,3
JBjsk5ha-Y4_Fixed-wing_aircraft__airplane,3
BuVVYGQmC_I_Fixed-wing_aircraft__airplane,3
2f0JKXfTPrE_Fixed-wing_aircraft__airplane,3
BgIPAH8GV4E_Fixed-wing_aircraft__airplane,3
GjDwrcfeZvc_Fixed-wing_aircraft__airplane,3
AT5-AmmWlJI_Fixed-wing_aircraft__airplane,3
KVZ3Yq-RGg4_Fixed-wing_aircraft__airplane,3
-UX39TNCoJk_Fixed-wing_aircraft__airplane,3
8wJGJIqr_eU_Fixed-wing_aircraft__airplane,3
1ZeXHvqcMRE_Race_car__auto_racing,4
-WsmwJzAgLo_Race_car__auto_racing,4
2Jnv4ouZEEw_Race_car__auto_racing,4
-Nh8B2B_lPU_Race_car__auto_racing,4
4K8P4BoufRM_Race_car__auto_racing,4
4DFCW3aPDcY_Race_car__auto_racing,4
3Jfh4vUaw18_Race_car__auto_racing,4
3As6JHFBlVg_Race_car__auto_racing,4
4xudimm40HY_Race_car__auto_racing,4
5IRu9K0yzxQ_Race_car__auto_racing,4
-WwAxd-BBrs_Race_car__auto_racing,4
22olCB3wQaA_Race_car__auto_racing,4
6u_CZHfvlWQ_Race_car__auto_racing,4
7wtsszJc6V8_Race_car__auto_racing,4
446Sa0G5xCA_Race_car__auto_racing,4
4dSzEEFUMxM_Race_car__auto_racing,4
44sFddUuZDM_Race_car__auto_racing,4
3N_MqBnppv0_Race_car__auto_racing,4
3obLPXCKYpM_Race_car__auto_racing,4
2MK_wQr3Msw_Race_car__auto_racing,4
4Yti-J4YrX4_Race_car__auto_racing,4
7ZGjZTmhklA_Race_car__auto_racing,4
6QipAjvqRgI_Race_car__auto_racing,4
3lbqsEFf4Qw_Race_car__auto_racing,4
48OZxhWjepk_Race_car__auto_racing,4
3LgI2wLOgVE_Race_car__auto_racing,4
3HmqJtS2q2Y_Race_car__auto_racing,4
1hA5COzE6sY_Race_car__auto_racing,4
2JaOuIcH_2U_Race_car__auto_racing,4
-iWt2y7orGc_Race_car__auto_racing,4
5apSJFQBrOc_Race_car__auto_racing,4
1qJMhqDhaqU_Race_car__auto_racing,4
3Nwo_WKoHwk_Race_car__auto_racing,4
7iseubFVGVQ_Race_car__auto_racing,4
5QJ8SOQQZ7c_Race_car__auto_racing,4
8KskMOm3vDE_Race_car__auto_racing,4
4WfMsMlZgFk_Race_car__auto_racing,4
6KO3eMyEeOg_Race_car__auto_racing,4
6MST-YckqQ0_Race_car__auto_racing,4
-kOR7aKjFZw_Race_car__auto_racing,4
5LAmVOm_sx4_Race_car__auto_racing,4
7sByY3EL3bY_Race_car__auto_racing,4
6-qpfoByoa4_Race_car__auto_racing,4
5JSDRgTCt7M_Race_car__auto_racing,4
4Y_NJx-p_wQ_Race_car__auto_racing,4
0fM0Ssy2QPo_Race_car__auto_racing,4
7NUqdE-24VA_Race_car__auto_racing,4
-ltM8L2kktU_Race_car__auto_racing,4
-afoF2aiV0w_Race_car__auto_racing,4
6hL8HNIGdcY_Race_car__auto_racing,4
3ibg2eaD2jo_Race_car__auto_racing,4
1LAknnlMGEA_Race_car__auto_racing,4
5e_TRzVOHLo_Race_car__auto_racing,4
2zCcsxgX2_0_Race_car__auto_racing,4
8QDaWF7Ps6A_Race_car__auto_racing,4
3bbswz0Yzkg_Race_car__auto_racing,4
2S5BMgtCq7Q_Race_car__auto_racing,4
-n2EQH6q-2w_Race_car__auto_racing,4
5rI2La8NG7w_Race_car__auto_racing,4
-sdUv_DC28k_Race_car__auto_racing,4
5WVAcBwifo8_Race_car__auto_racing,4
8-sPfzsLr2k_Race_car__auto_racing,4
5G-0Rma9gJU_Race_car__auto_racing,4
57fIhnZBDeI_Race_car__auto_racing,4
-G7eX4G5Frc_Race_car__auto_racing,4
3Y5XYAlo4ME_Race_car__auto_racing,4
1bjZQVkbOdY_Race_car__auto_racing,4
-jwhbq9xZp8_Race_car__auto_racing,4
7dlXw9MV9U0_Race_car__auto_racing,4
2odAQZHNDRU_Race_car__auto_racing,4
7LvrJxH3o70_Race_car__auto_racing,4
-Yr66H8rlAU_Race_car__auto_racing,4
-f84OxDzI54_Race_car__auto_racing,4
2jXY8l00Poo_Race_car__auto_racing,4
-c96lccP5nc_Race_car__auto_racing,4
8FnSsokvqj4_Race_car__auto_racing,4
3Th367zDFec_Race_car__auto_racing,4
7lP4OIywYO4_Race_car__auto_racing,4
3zd4SD32QfI_Race_car__auto_racing,4
1baytYmpcTA_Race_car__auto_racing,4
4ua_-6aELrI_Race_car__auto_racing,4
73jR_P3k8Ok_Race_car__auto_racing,4
3NPJcISOvLc_Race_car__auto_racing,4
6d7kNY4LGqQ_Race_car__auto_racing,4
5jZ9_geG6t0_Race_car__auto_racing,4
3spkRSuAaYs_Race_car__auto_racing,4
-rdjUIVtyZg_Race_car__auto_racing,4
576UgLDJwdo_Race_car__auto_racing,4
0rrcR5ML7aI_Race_car__auto_racing,4
57kFw1rqgWw_Race_car__auto_racing,4
1DkfRgtApF4_Race_car__auto_racing,4
3UPXKVOz_PU_Race_car__auto_racing,4
1plsefHccZ8_Race_car__auto_racing,4
0Q4dvc6ZjZs_Race_car__auto_racing,4
7njTG7RNNcs_Race_car__auto_racing,4
2eaK9N7Wsms_Race_car__auto_racing,4
6fFgupzqqTQ_Race_car__auto_racing,4
89IYTbZz0UM_Race_car__auto_racing,4
-Z6NTNuLOTg_Race_car__auto_racing,4
8-NdOdHi7Aw_Race_car__auto_racing,4
1_EZv9lcy4I_Race_car__auto_racing,4
7Oz8a2uZjW8_Race_car__auto_racing,4
25JfZpQfJ8c_Race_car__auto_racing,4
-lg_Oz9glTY_Race_car__auto_racing,4
28nsX8pg7S0_Race_car__auto_racing,4
-WyobeAiz5Y_Race_car__auto_racing,4
2hfcKN22z1g_Race_car__auto_racing,4
-1q0XHPxqe8_Race_car__auto_racing,4
2BY4lNq_uGs_Race_car__auto_racing,4
3JAjNVImec4_Race_car__auto_racing,4
0fIUmzUs9vw_Race_car__auto_racing,4
5c-I4iyLr8s_Race_car__auto_racing,4
5WREYg7Oog8_Race_car__auto_racing,4
5JHNje238Gg_Race_car__auto_racing,4
3cMqNcphAxE_Race_car__auto_racing,4
2U1u2GjkYTA_Race_car__auto_racing,4
0JVINGZaGPE_Race_car__auto_racing,4
3YuBzhAU_Yc_Race_car__auto_racing,4
0WiZwf2uRgQ_Race_car__auto_racing,4
5vD5nr9SRsk_Race_car__auto_racing,4
2hQ5-4-knxk_Race_car__auto_racing,4
76HsyXBFRnU_Race_car__auto_racing,4
1Ie5wdMp3mk_Race_car__auto_racing,4
321--jOIuTU_Race_car__auto_racing,4
5l2xM19_hjk_Race_car__auto_racing,4
1_5PLcKZaN4_Race_car__auto_racing,4
-qYiJpX6cHc_Race_car__auto_racing,4
4xiXdC2QHyk_Race_car__auto_racing,4
6LanwlvMooY_Race_car__auto_racing,4
5b28fA_Xo7Y_Race_car__auto_racing,4
8PfAEW-985A_Race_car__auto_racing,4
42Bq1abaN5c_Race_car__auto_racing,4
0rpjOa_ecvc_Race_car__auto_racing,4
88_NB1jCIj4_Race_car__auto_racing,4
3LNQZCaXrMs_Race_car__auto_racing,4
-tIE2qVG1Bc_Race_car__auto_racing,4
0H69EaH1AN8_Race_car__auto_racing,4
49T03J454EU_Race_car__auto_racing,4
6mReoKOn-iA_Race_car__auto_racing,4
8GNlbYDeHE8_Race_car__auto_racing,4
6ySYK0CFbrs_Race_car__auto_racing,4
5h73UUgYA8k_Race_car__auto_racing,4
0pV0WP9I1zo_Race_car__auto_racing,4
1bhbl7bpQSM_Race_car__auto_racing,4
2lbpnXbGVmA_Race_car__auto_racing,4
7E2HRnGoY3U_Race_car__auto_racing,4
27Los1lbSXY_Race_car__auto_racing,4
4Db-g-FYKOA_Race_car__auto_racing,4
01lU03LHruc_Race_car__auto_racing,4
4bma6GcgXXo_Race_car__auto_racing,4
2LTe9T2zwEM_Race_car__auto_racing,4
1X_SXuZnH0U_Race_car__auto_racing,4
13oB1_84jpA_Female_speech__woman_speaking,5
-csuF-U56nQ_Female_speech__woman_speaking,5
1hXKHVcN1SE_Female_speech__woman_speaking,5
1ehMBHY_pcg_Female_speech__woman_speaking,5
-TCDqe327us_Female_speech__woman_speaking,5
0lYCzxUKhsk_Female_speech__woman_speaking,5
1AbraQN5TDw_Female_speech__woman_speaking,5
0s2Wju7SiGM_Female_speech__woman_speaking,5
09wv_icjkEk_Female_speech__woman_speaking,5
-15_ujUhjGs_Female_speech__woman_speaking,5
-cVZQDn6PNQ_Female_speech__woman_speaking,5
0nryXC0RnrE_Female_speech__woman_speaking,5
-Qo6QJo_tJA_Female_speech__woman_speaking,5
0779k0IOxkw_Female_speech__woman_speaking,5
-WPdQ49e5a0_Female_speech__woman_speaking,5
0sAL3SGoQAU_Female_speech__woman_speaking,5
-Zz2ZHMG6VA_Female_speech__woman_speaking,5
1gHWNOb6Aqg_Female_speech__woman_speaking,5
0lFf-HP86Q0_Female_speech__woman_speaking,5
1qXbCHgo6cc_Female_speech__woman_speaking,5
1ENeAjUSAoQ_Female_speech__woman_speaking,5
1jNzK_h-ISg_Female_speech__woman_speaking,5
1luaGhGRQXc_Female_speech__woman_speaking,5
1qQ0OCG3nQo_Female_speech__woman_speaking,5
0NdIc2geEW0_Female_speech__woman_speaking,5
1Bov3GgLoY4_Female_speech__woman_speaking,5
0CiRcrHGWio_Female_speech__woman_speaking,5
-YE1Llcxs7M_Female_speech__woman_speaking,5
-TFUbR-WO_I_Female_speech__woman_speaking,5
1TZZO0_euxY_Female_speech__woman_speaking,5
0SnfAAnpvQo_Female_speech__woman_speaking,5
-b3vHpLrbmQ_Female_speech__woman_speaking,5
041I2ehiMQI_Female_speech__woman_speaking,5
0r8w25rBQ-0_Female_speech__woman_speaking,5
1ADNvORkKLc_Female_speech__woman_speaking,5
-JlJFW2q_Q8_Female_speech__woman_speaking,5
1KOD4f2YSrg_Female_speech__woman_speaking,5
0XpEG6ryHQA_Female_speech__woman_speaking,5
0w5O_0J67Zg_Female_speech__woman_speaking,5
-Ylu5A5pDMk_Female_speech__woman_speaking,5
-aL62QsxrLw_Female_speech__woman_speaking,5
066kO16Btik_Female_speech__woman_speaking,5
1f_pYw5Uih4_Female_speech__woman_speaking,5
1yKyj281xQc_Female_speech__woman_speaking,5
0J7NMewwdKU_Female_speech__woman_speaking,5
0at9V1Ldzcs_Female_speech__woman_speaking,5
02qzkIBMTEw_Female_speech__woman_speaking,5
1Q22f-E9a9U_Female_speech__woman_speaking,5
-NL7tuUyLDM_Female_speech__woman_speaking,5
1SEN5deyHys_Female_speech__woman_speaking,5
0q2YcrI6NvQ_Female_speech__woman_speaking,5
04e9N_422v0_Female_speech__woman_speaking,5
15MysnqC2IM_Female_speech__woman_speaking,5
-Klhn0OiCyQ_Female_speech__woman_speaking,5
-7DYigCiqUk_Female_speech__woman_speaking,5
-Fk84HEl-7o_Female_speech__woman_speaking,5
-ukqIV-MwGA_Female_speech__woman_speaking,5
0i3CysXArLo_Female_speech__woman_speaking,5
0iTtD8RHj_E_Female_speech__woman_speaking,5
-aj5MhPpNM4_Female_speech__woman_speaking,5
1si0yIHBGSc_Female_speech__woman_speaking,5
03rU2dEkVsM_Female_speech__woman_speaking,5
1Sp45XJ-gKc_Female_speech__woman_speaking,5
-9l-036R7ec_Female_speech__woman_speaking,5
0SOdIMG2J0A_Female_speech__woman_speaking,5
1XB2W0pBAms_Female_speech__woman_speaking,5
0z025oeqQSI_Female_speech__woman_speaking,5
10RQxUIBTBU_Female_speech__woman_speaking,5
0QgATk3Gvs0_Female_speech__woman_speaking,5
-7n2lwXUzvM_Female_speech__woman_speaking,5
0VJa1W21b_o_Female_speech__woman_speaking,5
-d2YaOC6giw_Female_speech__woman_speaking,5
1oc_eq2-boc_Female_speech__woman_speaking,5
-SlN4B7PpvM_Female_speech__woman_speaking,5
0UKVpF73Uvw_Female_speech__woman_speaking,5
0w3J8f2ECFs_Female_speech__woman_speaking,5
1c5kl2itL9c_Female_speech__woman_speaking,5
0i24WckNCeE_Female_speech__woman_speaking,5
0LMYIYcYRcg_Female_speech__woman_speaking,5
-ccciEuH9FE_Female_speech__woman_speaking,5
-88W59dB47w_Female_speech__woman_speaking,5
1X3yXUw7Pe4_Female_speech__woman_speaking,5
0EyRvpCdD3M_Female_speech__woman_speaking,5
1XZHJgCwJ3w_Female_speech__woman_speaking,5
1BFpJ67aM6s_Female_speech__woman_speaking,5
0fHjkiXoook_Female_speech__woman_speaking,5
0Z_RMWCAJxE_Female_speech__woman_speaking,5
0eTsymMaeDg_Female_speech__woman_speaking,5
0NmA9tKpBdw_Female_speech__woman_speaking,5
0roUiwd5-So_Female_speech__woman_speaking,5
05g3TVCbDAY_Female_speech__woman_speaking,5
1RrMaovFW4g_Female_speech__woman_speaking,5
-Qasv3-SbGA_Female_speech__woman_speaking,5
-_6ONBcE92A_Female_speech__woman_speaking,5
18tvCGgxUWA_Female_speech__woman_speaking,5
0qmhy60KNa8_Female_speech__woman_speaking,5
-elLA6vzAig_Female_speech__woman_speaking,5
-_wc9AWT4ys_Female_speech__woman_speaking,5
1firq5JazIQ_Female_speech__woman_speaking,5
-IGsyG6woCo_Female_speech__woman_speaking,5
-7cd9myo7J8_Female_speech__woman_speaking,5
1BEonVxnQl8_Female_speech__woman_speaking,5
0Hupk6kyvgA_Female_speech__woman_speaking,5
13v94lbKNz4_Female_speech__woman_speaking,5
-9R4WPSKE3Q_Female_speech__woman_speaking,5
1P4RTxyrT5k_Female_speech__woman_speaking,5
0rwlIFdDpro_Female_speech__woman_speaking,5
1VCHaxlF37s_Female_speech__woman_speaking,5
1LoWXJkNzms_Female_speech__woman_speaking,5
09pMJyKUdyI_Female_speech__woman_speaking,5
-3K9y6H3Jos_Female_speech__woman_speaking,5
0QwLjDpW3Wk_Female_speech__woman_speaking,5
-iTivTyfpDM_Female_speech__woman_speaking,5
0NgNB76TTJM_Female_speech__woman_speaking,5
0vHTUkZJeDQ_Female_speech__woman_speaking,5
0gGorf7xlG0_Female_speech__woman_speaking,5
1ND8VUM6VKw_Female_speech__woman_speaking,5
0fh8oPCElLo_Female_speech__woman_speaking,5
0wb1u-T46ZA_Female_speech__woman_speaking,5
-Yd-Mc2L5Sc_Female_speech__woman_speaking,5
0gDq49p6egk_Female_speech__woman_speaking,5
0PV3MVLId_o_Female_speech__woman_speaking,5
-pHFn_KSw-k_Female_speech__woman_speaking,5
-Wz9O_WKZvo_Female_speech__woman_speaking,5
1FmSxmpitBA_Female_speech__woman_speaking,5
1G6nF00GkGE_Female_speech__woman_speaking,5
1oljETWkf0Y_Female_speech__woman_speaking,5
1q5fJHQQXlo_Female_speech__woman_speaking,5
-rsuD0JXLRk_Female_speech__woman_speaking,5
--9O4XZOge4_Female_speech__woman_speaking,5
1dl5bCNQWA4_Female_speech__woman_speaking,5
-4FlKZIo8B4_Female_speech__woman_speaking,5
0se7kFTtbpk_Female_speech__woman_speaking,5
0ADHrKrIkis_Female_speech__woman_speaking,5
0bQdRu0RzOE_Female_speech__woman_speaking,5
-jjWi-og5Qs_Female_speech__woman_speaking,5
-s2ciciIvYU_Female_speech__woman_speaking,5
014i-70HC_s_Female_speech__woman_speaking,5
07ul7lRva50_Female_speech__woman_speaking,5
-lxbjjB7bUk_Female_speech__woman_speaking,5
0I4jIbmmyrI_Female_speech__woman_speaking,5
EmFgN1D2D10_Helicopter,6
7lREiHMv_GM_Helicopter,6
F78DbT-liuw_Helicopter,6
DrvYM8g3HWk_Helicopter,6
E96ur1VuinY_Helicopter,6
5Ay777GyQ2Y_Helicopter,6
BLPhHIrPYMk_Helicopter,6
1H0fdBjsZHc_Helicopter,6
AKZxerXZ-sw_Helicopter,6
F12XKqXG7t4_Helicopter,6
CglrQQudK2o_Helicopter,6
-AcwZ-xmAKY_Helicopter,6
7Wb2zZQkpPo_Helicopter,6
DP39sTllcPU_Helicopter,6
99c5p4GvVcg_Helicopter,6
0LO5TLbEQzA_Helicopter,6
FXuFWtiLMxg_Helicopter,6
ArVDnCbQ6mU_Helicopter,6
FNKoY0cROHY_Helicopter,6
CgGGijaRZ30_Helicopter,6
EpBw3lXQ5Cg_Helicopter,6
5OowZH6JXAI_Helicopter,6
-MBK7t1sbXk_Helicopter,6
7PaGJgeMYiw_Helicopter,6
0vvHATeHM_U_Helicopter,6
0ZOyJM8b0a0_Helicopter,6
7YsVOrYcW9c_Helicopter,6
43a9o1UL3TI_Helicopter,6
FC2dqJhsfx8_Helicopter,6
A0bmJCe7zbg_Helicopter,6
-WyUAnVpexc_Helicopter,6
DZPQHyoP8ts_Helicopter,6
91jPcI80dkI_Helicopter,6
5Ze_0ECLLnI_Helicopter,6
FUE8F5Pr8Sw_Helicopter,6
3mvE_CeH9q0_Helicopter,6
36I3i529AiQ_Helicopter,6
-1mhTVA9zqU_Helicopter,6
2siyhxvZpWI_Helicopter,6
4m3_sQNLo80_Helicopter,6
FYBpc2RR7aI_Helicopter,6
3xMSOjiX1pg_Helicopter,6
6gC-UfM4t98_Helicopter,6
2OeVmkt7p0o_Helicopter,6
8-E3tzyQdN4_Helicopter,6
AODykrJqBko_Helicopter,6
BCyCm2E_GC0_Helicopter,6
4hijHihnKzY_Helicopter,6
0knMgMsQ-lY_Helicopter,6
47GfoGWORYU_Helicopter,6
3Jlf2R6FBRA_Helicopter,6
7aWM8cEBVy4_Helicopter,6
D9EnXMToTMw_Helicopter,6
BDGpC-SWuz0_Helicopter,6
7behQn6vykM_Helicopter,6
-Wr1LEmgz9w_Helicopter,6
5RPDLz_RCbE_Helicopter,6
-sW-B-uUiPA_Helicopter,6
CVok0hnJLZA_Helicopter,6
7qXlcJBcBPw_Helicopter,6
5-PEMVaZm10_Helicopter,6
6OlHuvJR_Dk_Helicopter,6
16k-hKzQqKc_Helicopter,6
2G3-4D-Mxoo_Helicopter,6
9MgFjf90ABQ_Helicopter,6
FZGpYL4r4Ho_Helicopter,6
CSVLZgWziqI_Helicopter,6
-gobcCuHQoQ_Helicopter,6
5mlkQdadkx0_Helicopter,6
EzPcmdRIlSI_Helicopter,6
16Ylfk61oag_Helicopter,6
967itZck8sU_Helicopter,6
6WUhDerByUo_Helicopter,6
EFqwcSJjHqs_Helicopter,6
CLm9FYDRxsA_Helicopter,6
CCMjMP46j-Y_Helicopter,6
FUJYAhOKzCU_Helicopter,6
AQh9Zek1q8k_Helicopter,6
-HZOsrgheYc_Helicopter,6
2rLgSQ6sLxM_Helicopter,6
Fqc_5UqYffI_Helicopter,6
BZ4ZWaQRP8E_Helicopter,6
FjkQX_T8bII_Helicopter,6
8gaanZpIl5E_Helicopter,6
EPy49OAZV-4_Helicopter,6
5_ChtfSQnVs_Helicopter,6
8MMDd9rzl8o_Helicopter,6
-_G5KZvVCMI_Helicopter,6
A5o4-vMEWMM_Helicopter,6
5ooG19gLD5A_Helicopter,6
1uMyymBV_eU_Helicopter,6
0fdnGzlzzl8_Helicopter,6
6B2bI7JRiIU_Helicopter,6
DOoxj59sxvM_Helicopter,6
EOiAYnxF4fo_Helicopter,6
D1YtwSPVnP0_Helicopter,6
7G9Y_TNt_xs_Helicopter,6
8q_vgp0FDhI_Helicopter,6
2okJDQuTVF4_Helicopter,6
7iIBkME4bSM_Helicopter,6
FjkiiZMeI2k_Helicopter,6
ALdPf99u3s4_Helicopter,6
6aO0A4cmi9I_Helicopter,6
9LDdYvmbnD8_Helicopter,6
ApqTL3dFTdM_Helicopter,6
FK9oTEg-Qms_Helicopter,6
5OGUvwQxWtw_Helicopter,6
71veX4kAgNc_Helicopter,6
0KNggadS53A_Helicopter,6
8fpT6nvaEw4_Helicopter,6
6U1UM2ehgr0_Helicopter,6
E509105txOk_Helicopter,6
C4wisOkrsSM_Helicopter,6
77Rgr5p7dtk_Helicopter,6
1MeRHPU7oTs_Helicopter,6
9fewLloOpjQ_Helicopter,6
2vXlGSNtcn0_Helicopter,6
D_Tb_hVLBkw_Helicopter,6
Cw-US2uaOKs_Helicopter,6
3ZEHgq1o8PI_Helicopter,6
7BYaHGoCg0g_Helicopter,6
8_Pmym95DbM_Helicopter,6
4-_S8clAs8w_Helicopter,6
DrZEPAUwSCg_Helicopter,6
-tEpMSIHIsY_Helicopter,6
EqrMUYD6Ix4_Helicopter,6
3Rgjs_ttdxs_Helicopter,6
1BTrRnoPvnM_Helicopter,6
AS_csvqtZng_Helicopter,6
4-HzUlmVNP0_Helicopter,6
47kDSAP4A_0_Helicopter,6
-pcoDyofmLo_Helicopter,6
1pmY5M8h-8A_Helicopter,6
C2A9dIL2ECQ_Helicopter,6
E96pdA9hIPw_Helicopter,6
187cVfWpf6Q_Helicopter,6
4jffpo1xQ9k_Helicopter,6
Fygm03Gw19Y_Helicopter,6
56FMrkKJ96k_Helicopter,6
3WAUAEIdzQU_Helicopter,6
6Hz2So8JxHE_Helicopter,6
9ZsdRZcDAk4_Helicopter,6
3rJj2ydeqpM_Helicopter,6
05yvRPwj3Cs_Helicopter,6
0AZfjBY9tHE_Violin__fiddle,7
06dCAQutFeI_Violin__fiddle,7
-JqByn7kx3Y_Violin__fiddle,7
0NrmVMah5nU_Violin__fiddle,7
-NAZ0ixJWF4_Violin__fiddle,7
-0oSwiPKEj8_Violin__fiddle,7
-CscQIBl36Q_Violin__fiddle,7
-mDW9a2uO2w_Violin__fiddle,7
-LIq9pGlnTY_Violin__fiddle,7
-yvy9lS5DC4_Violin__fiddle,7
-Y2sKwI9B9M_Violin__fiddle,7
083JHGTpL2U_Violin__fiddle,7
-JGD51XS0fE_Violin__fiddle,7
090RykWGyM8_Violin__fiddle,7
-Ro3d3r00FA_Violin__fiddle,7
-Q1CUEeVi6E_Violin__fiddle,7
-X9bMbQzn7E_Violin__fiddle,7
09y9Cjo8qBQ_Violin__fiddle,7
-6Cd_Prg5Uw_Violin__fiddle,7
-n0Ely4TkHc_Violin__fiddle,7
0R4ILgLLd_o_Violin__fiddle,7
0X0qLl0qk5k_Violin__fiddle,7
-RHnV8SgISI_Violin__fiddle,7
0ENppvcY0Yg_Violin__fiddle,7
-i5p-3d7kFs_Violin__fiddle,7
-Qeg1Ni9zJs_Violin__fiddle,7
-EKC_s8NSwM_Violin__fiddle,7
0XGuKUbGgdk_Violin__fiddle,7
-E9YQ_Uhu50_Violin__fiddle,7
0L0hWqQ4mUw_Violin__fiddle,7
-2Z4tIHnFOY_Violin__fiddle,7
-1idZtsYyTc_Violin__fiddle,7
0N4aDYt8vmI_Violin__fiddle,7
-fKtsaoyzlQ_Violin__fiddle,7
-Wryg7wUWdo_Violin__fiddle,7
-uzmhZ24gHM_Violin__fiddle,7
-xtiBEc4RUc_Violin__fiddle,7
-hgcF6fF9BU_Violin__fiddle,7
-6s1gTC8840_Violin__fiddle,7
-d_sRt95HmY_Violin__fiddle,7
-huGQE06qqM_Violin__fiddle,7
0M16447BSZI_Violin__fiddle,7
004KfU7bgyg_Violin__fiddle,7
-ezSL_ZuEg0_Violin__fiddle,7
-XJ1i40XSIw_Violin__fiddle,7
-VV4ZirEsAc_Violin__fiddle,7
-uF5lFI4yns_Violin__fiddle,7
-3GWOM3I5LA_Violin__fiddle,7
-GJvu5hr6w4_Violin__fiddle,7
0JIcv-DFwYM_Violin__fiddle,7
0FYLEr64xxU_Violin__fiddle,7
-3yHOCvKOaQ_Violin__fiddle,7
08EE7Zv2Gf4_Violin__fiddle,7
-sTWUmy-25w_Violin__fiddle,7
0IAWblvBM7k_Violin__fiddle,7
05RY2-9-hXU_Violin__fiddle,7
0X0DtfCcjEk_Violin__fiddle,7
-Ggoa1lqzRg_Violin__fiddle,7
-fqWzXRXP7M_Violin__fiddle,7
0KKDRvBdWsE_Violin__fiddle,7
-ZQw6V4dT1o_Violin__fiddle,7
0YJrISi-lTo_Violin__fiddle,7
-nUmTcz7dgQ_Violin__fiddle,7
-rdwJtcERb4_Violin__fiddle,7
-61v0b2F21A_Violin__fiddle,7
0UNYovC8n9g_Violin__fiddle,7
04eh7k5xv9A_Violin__fiddle,7
-ntErCvN1ss_Violin__fiddle,7
-SQKVtCSRjE_Violin__fiddle,7
0Fk7a-aiZdM_Violin__fiddle,7
-TpU0J8vOlk_Violin__fiddle,7
04x1a3i5gjs_Violin__fiddle,7
-2ijQCslgj0_Violin__fiddle,7
0OSl2IZashI_Violin__fiddle,7
00srV0nyZtg_Violin__fiddle,7
-VPnsBcOq7U_Violin__fiddle,7
0AIodkLmuII_Violin__fiddle,7
-1I7Ku2GAZo_Violin__fiddle,7
07UuUflaslA_Violin__fiddle,7
0KtFutA2J1M_Violin__fiddle,7
-9_5_2i4igQ_Violin__fiddle,7
-RRCnBd5Qak_Violin__fiddle,7
0JNcQYK8a94_Violin__fiddle,7
0TWd6DwQRoQ_Violin__fiddle,7
--iY3Bf4hDg_Violin__fiddle,7
-SL61Q4vRLg_Violin__fiddle,7
-rdzFTStoNw_Violin__fiddle,7
-l8Ks3BawL4_Violin__fiddle,7
-EfnqyyqHuI_Violin__fiddle,7
-AbnGnFITGM_Violin__fiddle,7
-YGR7c_L3wQ_Violin__fiddle,7
-BynDAgP_zc_Violin__fiddle,7
-SmX8cI9ZCE_Violin__fiddle,7
0CzNTEBCTds_Violin__fiddle,7
-24v8ZteFC8_Violin__fiddle,7
-lLcUaZt6Vk_Violin__fiddle,7
-VyEfhE452s_Violin__fiddle,7
0PEMtgW6_mI_Violin__fiddle,7
-DnjK1sLR2M_Violin__fiddle,7
-NCD5jfkapA_Violin__fiddle,7
-d8Q6gOeHws_Violin__fiddle,7
026BvXYsIqM_Violin__fiddle,7
-lzqscBFCxA_Violin__fiddle,7
-odIm2rNR5M_Violin__fiddle,7
-gFVa6dwSJg_Violin__fiddle,7
-wcwrkUJwhM_Violin__fiddle,7
-xZwU-M8vsY_Violin__fiddle,7
-3GFNPmr0_M_Violin__fiddle,7
0WNy38Xx3kc_Violin__fiddle,7
0ONazqtTC-4_Violin__fiddle,7
-iWQIRy_CWw_Violin__fiddle,7
-7tDh-UQR7Q_Violin__fiddle,7
0B_OLBFyHnk_Violin__fiddle,7
-lyAiroSiIs_Violin__fiddle,7
-t25VKop7dg_Violin__fiddle,7
-XQuhhINNSM_Violin__fiddle,7
-nllZ47l4uY_Violin__fiddle,7
-IsuouQLfPI_Violin__fiddle,7
-G9X4ZlzHTQ_Violin__fiddle,7
0EwidalEnG0_Violin__fiddle,7
-utUG50WGeY_Violin__fiddle,7
0U0uwSntM14_Violin__fiddle,7
-J1udlCxfrk_Violin__fiddle,7
-280mIOJVUg_Violin__fiddle,7
0Yzy64YAza4_Violin__fiddle,7
-wDLKvx44fA_Violin__fiddle,7
0Og8Oj2RaZw_Violin__fiddle,7
0-iMdncudHA_Violin__fiddle,7
-hcOpvKXsMI_Violin__fiddle,7
01eaWG7hqG4_Violin__fiddle,7
-QotwZFNJ9Q_Violin__fiddle,7
0ZfizHq_2g8_Violin__fiddle,7
-e96lkRatLc_Violin__fiddle,7
0ba56xUvipg_Violin__fiddle,7
0IbQ16JuAtM_Violin__fiddle,7
-fnxKmxDa9s_Violin__fiddle,7
02BhKBRW_b4_Violin__fiddle,7
0Zlz-cu42QA_Violin__fiddle,7
-hxJwo4l_fM_Violin__fiddle,7
0XMWF5n00ss_Violin__fiddle,7
08iMXjx3IVI_Violin__fiddle,7
-_JY_gVLNNQ_Violin__fiddle,7
-g0SzbEqZMI_Violin__fiddle,7
-enC8sDhRiE_Violin__fiddle,7
-AH16AxvfOk_Violin__fiddle,7
07PXcxt0VSQ_Violin__fiddle,7
0-_8Cj1TtIo_Violin__fiddle,7
-yPVxHKyqZM_Violin__fiddle,7
0ShszGF-93I_Violin__fiddle,7
0I9fe2phsiE_Violin__fiddle,7
0ODqviTw47E_Violin__fiddle,7
22DapbNwnUY_Flute,8
-E1Vroh3yh0_Flute,8
2EjcbMVMaz4_Flute,8
-O6JZg_THsc_Flute,8
-xIQ2G2zWfc_Flute,8
-sfV2dSHbiU_Flute,8
1Uy5_ZcBqXY_Flute,8
2Bm3Zpeo2JY_Flute,8
1vFdPpeld54_Flute,8
-Mw6aR_FTk0_Flute,8
-BTusKdsjjA_Flute,8
0QHxl_qa77U_Flute,8
0WKZxrxHxl0_Flute,8
1rCcmrAW9ns_Flute,8
19c36lShGlo_Flute,8
-PP5Hx17amY_Flute,8
18_CQWcNHr0_Flute,8
2KIy7kcFs60_Flute,8
1zMxPsTPu9k_Flute,8
1X-GaM6yDjw_Flute,8
0fB1C972a9s_Flute,8
-zTASP2V65Y_Flute,8
0RIc6mwDRaQ_Flute,8
-ub8zdZ6YS8_Flute,8
0VAnPig3WLE_Flute,8
02uvuZ2KlJA_Flute,8
-rZxQqq2YpU_Flute,8
0DyF9qIWY6s_Flute,8
2BjUyKgD-8w_Flute,8
-faXMDW9jUw_Flute,8
1mhn6Do2W2o_Flute,8
-mHbsc2gctI_Flute,8
1_BLcC4Mr1E_Flute,8
0Joj06p-hNk_Flute,8
-3c95C5K-Rs_Flute,8
-Fk62y-1WHo_Flute,8
0KmQB2IFeh8_Flute,8
0RHYjEmz14Q_Flute,8
-O2NYN9A5I0_Flute,8
02IujCknWXY_Flute,8
-_JY_gVLNNQ_Flute,8
-XrLFOaZxa0_Flute,8
-VMucqAakNE_Flute,8
0B89rImrFoc_Flute,8
-YmTTXFmlq8_Flute,8
0_ixmalQrig_Flute,8
1fioenvrmUQ_Flute,8
0BvEqduxKS0_Flute,8
0mAJOcH2T_Q_Flute,8
-5MpRM5DfFI_Flute,8
-EykObuahN0_Flute,8
0KSq796EsCM_Flute,8
0-I1-DOC-r8_Flute,8
2GnUD9XypV8_Flute,8
2CP8TX5HzeU_Flute,8
2H5hjd6e-24_Flute,8
-QVO0p4jbho_Flute,8
0p1f15EtJ0Y_Flute,8
0yc_iBaIIRQ_Flute,8
-cFbJ160-hA_Flute,8
-4Y0LjkowqY_Flute,8
-e-ZVr_GYO4_Flute,8
-A3b9tZs-eE_Flute,8
-h7I-CCgCbQ_Flute,8
0LRrqxDqL6s_Flute,8
0NDdfOUfupI_Flute,8
0nF7-MpTtGU_Flute,8
2LUiYpPgf74_Flute,8
1Q0La5XzFq4_Flute,8
0DPGYHI0VAY_Flute,8
-gtGMV1jQNc_Flute,8
-pn6MtEWQKk_Flute,8
-BaY2ollfyo_Flute,8
-x6okg0mltw_Flute,8
-1UKhxopZpk_Flute,8
20heCbODoEQ_Flute,8
0dfquUiWARI_Flute,8
-y1Pkp5n1Ak_Flute,8
25G6abiJUc0_Flute,8
0bgXSHa41o4_Flute,8
-jHHCTHxDp4_Flute,8
-lfNkn9lZt4_Flute,8
18EtDBfPK_I_Flute,8
-4TJHvjsYrE_Flute,8
-YY2Y0PRp-4_Flute,8
1VAkPqd10bg_Flute,8
-7f3Jc2itJ0_Flute,8
-oGtiSwccH0_Flute,8
0FoG92UkxIo_Flute,8
1bjJ5yKlNwg_Flute,8
-_wBqo5pn7U_Flute,8
2187lj8WdCo_Flute,8
-w6CrjqhlfU_Flute,8
1e-wZqDtiAM_Flute,8
0sDQRjQ1fcg_Flute,8
-bja0Dc1s7o_Flute,8
0466MKJ7tQk_Flute,8
-oXV2Idhvuw_Flute,8
014wEN3qV1E_Flute,8
0BeK2AbDt3M_Flute,8
0yeb4WhFTZY_Flute,8
-CXPQTCphQE_Flute,8
2LEvipyAJp0_Flute,8
0N4yv1wNM5Y_Flute,8
-uwEUd-C0bQ_Flute,8
1t9dIA0lR-k_Flute,8
1HJCaZaF_TE_Flute,8
0Ptziqr4tBc_Flute,8
0ev7l1nkxQM_Flute,8
1nEyvqO93kc_Flute,8
1OcpIkB_Kio_Flute,8
2JIQ5CHGhn8_Flute,8
0d2eiDp3N5k_Flute,8
23Z4Se9i7g8_Flute,8
1Gy2t9OSfMU_Flute,8
1YAwus2Z5CY_Flute,8
11sQB4lQ-VU_Flute,8
-OdAfi6xZWM_Flute,8
0Yk2jwVJCjk_Flute,8
-dKiaWqUJf0_Flute,8
03NQmCrlsyY_Flute,8
0IJtUPRU6BY_Flute,8
0biR8Pad0FQ_Flute,8
2GLyeRlmagA_Flute,8
0HbpWijLnhQ_Flute,8
1v4yttojmSI_Flute,8
-9X3h2WLxEo_Flute,8
0fsbhgjBvmM_Flute,8
-JUE1yeH0FY_Flute,8
-nkcTTWWn2g_Flute,8
00rzcEOCB5U_Flute,8
0g5nE-8EevA_Flute,8
1bGlVNcyZTg_Flute,8
0GUI0mNURGk_Flute,8
0McmdH07r7w_Flute,8
0gTirOSN_i4_Flute,8
-QMzUFcZM7w_Flute,8
1-MTST2LHvI_Flute,8
0h8HxZaX9wQ_Ukulele,9
29mjClwVi30_Ukulele,9
1vu3rEPmUiA_Ukulele,9
0WO9VM3BLNk_Ukulele,9
07Pzrop9-6k_Ukulele,9
-mMr3S6543A_Ukulele,9
-lFg_rp6QkA_Ukulele,9
2Z05Dcg_PlA_Ukulele,9
-QVO0p4jbho_Ukulele,9
1MFXSBjJbtM_Ukulele,9
1qrOjqPExcA_Ukulele,9
1IxIvUFJZrw_Ukulele,9
-Ciz5Qz9-xw_Ukulele,9
-k_s7yZFmC4_Ukulele,9
21zzs1O5WkI_Ukulele,9
-N18nhlehc8_Ukulele,9
1zTYiYCegfg_Ukulele,9
1oGivairkgw_Ukulele,9
2qQ7lCLDnxU_Ukulele,9
19obIgE_LqM_Ukulele,9
19SU_fqaZek_Ukulele,9
0f_iTO5t3hU_Ukulele,9
-r3_dzCQbVw_Ukulele,9
-qKTiVov9NQ_Ukulele,9
1vOfe_Fb2N8_Ukulele,9
1JhuwQD0Jsw_Ukulele,9
-qzbB9LVew4_Ukulele,9
-ydzVCB1oNg_Ukulele,9
-V9yRz2lBhU_Ukulele,9
-wwLSHIxjt4_Ukulele,9
2iInCeXo-7s_Ukulele,9
12UDDOv3bY8_Ukulele,9
0-AWASt7xeQ_Ukulele,9
2NOd2l2d5to_Ukulele,9
1lkzwa4iSmk_Ukulele,9
-_hc8mN17g4_Ukulele,9
-rTKkq7PvjA_Ukulele,9
1toyAZ-12KY_Ukulele,9
-1oiBXgssuE_Ukulele,9
0qMHkYM6ZtI_Ukulele,9
1L8VgRiLyIc_Ukulele,9
1iSTc1dg69I_Ukulele,9
1ce0pV5sgpQ_Ukulele,9
-MKm0TPhKaA_Ukulele,9
1E3Uqu74Mv4_Ukulele,9
-1qyr-IzqKY_Ukulele,9
0XGEabNAap4_Ukulele,9
0NwJfHxeDlI_Ukulele,9
23Tdr37Ko-U_Ukulele,9
00xh5DNtdQ4_Ukulele,9
2jEiD0jmYsA_Ukulele,9
20TX1N4crxk_Ukulele,9
-2JaPqD9rIY_Ukulele,9
13mhIKgw118_Ukulele,9
1LuPtkH4vMg_Ukulele,9
1ydZZWtDpz0_Ukulele,9
-e5vRcXkOVg_Ukulele,9
2Y7qqDpdmok_Ukulele,9
1hZV-4QbK38_Ukulele,9
0GGGjF6zXfE_Ukulele,9
2qVuxENcRvw_Ukulele,9
0imJ78XfnRo_Ukulele,9
-4WY4R15nmM_Ukulele,9
-_kWjEk9hCY_Ukulele,9
0FzRCRTeyMQ_Ukulele,9
2hhRZQY2NTE_Ukulele,9
2gTs8EasBMU_Ukulele,9
0QqK0U5u2HQ_Ukulele,9
0YhtMymtVFk_Ukulele,9
0wCBtMTf_88_Ukulele,9
-SLx_3eTU6k_Ukulele,9
0RiQLalc7pc_Ukulele,9
-lStxlbxQMo_Ukulele,9
-XvNSVqRNHU_Ukulele,9
-WHymqVONQA_Ukulele,9
-nPu25KmQqE_Ukulele,9
2BVX5lYZvLQ_Ukulele,9
07aML2ZU52M_Ukulele,9
2p9L2wSE6tk_Ukulele,9
1_xD_7mK7_0_Ukulele,9
0aOckbqixXs_Ukulele,9
1mW1stI1nNI_Ukulele,9
-1NiUjILyBE_Ukulele,9
2V7daNwC7Uw_Ukulele,9
-8oNYbn9WHk_Ukulele,9
1o0xgU4FUj4_Ukulele,9
-riA9LdxG5k_Ukulele,9
-6qVa2xwmg0_Ukulele,9
0rIKtjveTik_Ukulele,9
2et7ldOpKs8_Ukulele,9
-8uiE24x91w_Ukulele,9
-F5wSJwBZjU_Ukulele,9
2FVh5eFSiFc_Ukulele,9
2R6Ppsd2KpU_Ukulele,9
0A2v8L5O664_Ukulele,9
05X04m1TyeA_Ukulele,9
2nYtMePHy1o_Ukulele,9
0JtzzBWr08c_Ukulele,9
0DVDTCjpZwQ_Ukulele,9
-nZcEySt5Vs_Ukulele,9
2-I0oSqmEHQ_Ukulele,9
2UMJkuaqulA_Ukulele,9
1QMl0bBsEkc_Ukulele,9
0B_ad6JF4a0_Ukulele,9
-HRf0jsWypE_Ukulele,9
2eieVfdUiuc_Ukulele,9
2DqzoD3m_9o_Ukulele,9
1CLOP18zemg_Ukulele,9
-NKHrtkWz_U_Ukulele,9
0cKUAJ9rr0M_Ukulele,9
2W_KYL2M3Rk_Ukulele,9
0jUHZaxNets_Ukulele,9
-vZf-9zRto4_Ukulele,9
2_PLS-BBdEA_Ukulele,9
-uBucuEllR4_Ukulele,9
2dmQtVvi3fg_Ukulele,9
-q2paSVuDuQ_Ukulele,9
09RaG2951nw_Ukulele,9
-otTsLHKEh4_Ukulele,9
28bKSi6GCfE_Ukulele,9
2BNnBRomt2k_Ukulele,9
0m233BH8qu0_Ukulele,9
-lPBAqIopMo_Ukulele,9
11jiKbSqv7Y_Ukulele,9
2lE-RWT9T_o_Ukulele,9
1GMx8Gu5h_g_Ukulele,9
1DREQo2-CLQ_Ukulele,9
16eUxQwxxbs_Ukulele,9
-RZ7_2sErXo_Ukulele,9
-gREEONxBkk_Ukulele,9
1sSJ0VII-4s_Ukulele,9
Acv5XdRQYUg_Frying_(food),10
621uG1-AkPg_Frying_(food),10
4GNasJv6pKg_Frying_(food),10
A_Ed02Fc8uI_Frying_(food),10
-x849pIf37k_Frying_(food),10
5-P7x4FV4lg_Frying_(food),10
-1IQfWwrPbc_Frying_(food),10
-mNmhJs1pYM_Frying_(food),10
3ZRozrd07kY_Frying_(food),10
6zBQwvfO958_Frying_(food),10
APFTR5YK-X8_Frying_(food),10
2DF8mtDke8k_Frying_(food),10
ARGOH26GlSA_Frying_(food),10
5MfA-Ty5Bug_Frying_(food),10
9woSSMs77wg_Frying_(food),10
42-izEP4vjM_Frying_(food),10
7BrW2OIEGE4_Frying_(food),10
0oUbMWJgokM_Frying_(food),10
24MAv47JAmM_Frying_(food),10
8-wMKTMviuw_Frying_(food),10
-oV1cM-I3gY_Frying_(food),10
9ui9IiwF6w8_Frying_(food),10
6DMX8gljdqU_Frying_(food),10
94P0VLAgTb4_Frying_(food),10
9_HGCP0zg-4_Frying_(food),10
5J603SAj7QM_Frying_(food),10
A90wPQ80DVM_Frying_(food),10
0wQpnBSQ4fY_Frying_(food),10
8EQHKEd5mm4_Frying_(food),10
1pwPeNfpA6g_Frying_(food),10
A_0MlszhCDE_Frying_(food),10
9iGjureW7uE_Frying_(food),10
-ZsmEFtaXQM_Frying_(food),10
3Y-sGqzbkz8_Frying_(food),10
0lEavQUSRO4_Frying_(food),10
0Z4LBWXXRTY_Frying_(food),10
-RIXNh-i88E_Frying_(food),10
Abj_Mr9vSF4_Frying_(food),10
2gSMufsNQKA_Frying_(food),10
9V_qFBGs5yY_Frying_(food),10
4nHPpC6oGn4_Frying_(food),10
0xciMnHCZL0_Frying_(food),10
9vugWX2roX4_Frying_(food),10
4fz0-Kx2oNs_Frying_(food),10
2BNVQn48D04_Frying_(food),10
7g8QoqkTQfw_Frying_(food),10
6nJ9zXqHerc_Frying_(food),10
2nriu-82vFw_Frying_(food),10
0rmCYTGycKw_Frying_(food),10
1X3ab9ycVL0_Frying_(food),10
6YuCa3NAINw_Frying_(food),10
0rtCu7TKQKE_Frying_(food),10
AB5T60I9HJw_Frying_(food),10
1HGzcj92CEE_Frying_(food),10
0WxL3UhsteQ_Frying_(food),10
AIs4gx9RVTs_Frying_(food),10
9xTGSB1Gu5k_Frying_(food),10
6CCjRlDMsnY_Frying_(food),10
1l61QW96UFw_Frying_(food),10
3eNWJ4Hle6Y_Frying_(food),10
37MHj4LvLRU_Frying_(food),10
51luPlswXEU_Frying_(food),10
5K3CYm2u2zA_Frying_(food),10
8-ZLMffhptY_Frying_(food),10
4yx7AdsRAOs_Frying_(food),10
2VjQiwyoO1s_Frying_(food),10
33oINH8AtNI_Frying_(food),10
09x-xol9UY0_Frying_(food),10
9puiKadufhc_Frying_(food),10
63aTkG1grKA_Frying_(food),10
56DAM74mj4o_Frying_(food),10
6_fpAeZMy5c_Frying_(food),10
1GOF_EEeO-0_Frying_(food),10
1pEaiUYTh6s_Frying_(food),10
30JTvMLCV0c_Frying_(food),10
A1vqIG8hUrA_Frying_(food),10
7tvuZhtcHpY_Frying_(food),10
1ERSh8l5-sM_Frying_(food),10
1JXbj4RLpew_Frying_(food),10
6DXtiywoWyQ_Frying_(food),10
2UxOuJUUNYI_Frying_(food),10
8sfcMZ8A3OQ_Frying_(food),10
4Yo_DkHXXjI_Frying_(food),10
A9Y7eG48-ho_Frying_(food),10
1BScYBNc6MA_Frying_(food),10
52Ty3VEN_WE_Frying_(food),10
2itn7f5uqII_Frying_(food),10
AGUsqrscCRc_Frying_(food),10
4dcmUaJWEBA_Frying_(food),10
9TveYVzTCgo_Frying_(food),10
2Ar8YM5zfbs_Frying_(food),10
2EEC4MkIOiI_Frying_(food),10
4cV4T8ACLh8_Frying_(food),10
AL0JokIbyNQ_Frying_(food),10
9pJxCW3gGFE_Frying_(food),10
1U4D63urKlo_Frying_(food),10
2rk3CP0wyTE_Frying_(food),10
9hLropYJdYo_Frying_(food),10
AKYcJugndAU_Frying_(food),10
3vbNr_cSPCs_Frying_(food),10
0hE-lduyMng_Frying_(food),10
9JbcP3y9hYU_Frying_(food),10
4Io5AxwAZLg_Frying_(food),10
4dYGxoFrg_U_Frying_(food),10
8Xdq4cSpwl4_Frying_(food),10
68ijV_btmC0_Frying_(food),10
5XSZ28t3Er4_Frying_(food),10
9YO1aiPy2A4_Frying_(food),10
95Uf4OrIyJ4_Frying_(food),10
-g-eZBsr_3s_Frying_(food),10
51O5P0FfM4s_Frying_(food),10
3KnOOVt148o_Frying_(food),10
5ZQCdVfdGig_Frying_(food),10
8wsrGjVfzQI_Frying_(food),10
6j4AVcAdhEg_Frying_(food),10
5hUK9ubSMZU_Frying_(food),10
ANuRQif18hg_Frying_(food),10
AI5Ws7ORZ4Y_Frying_(food),10
2UZmUuUPqr8_Frying_(food),10
3AZw1zRDdcE_Frying_(food),10
9bQxINhcasI_Frying_(food),10
0cxjMNEbkOo_Frying_(food),10
7pL3UHjTnYw_Frying_(food),10
6cCRuEzXIl8_Frying_(food),10
ADNd5Aj8GOU_Frying_(food),10
923C2xEL-bY_Frying_(food),10
6u27Poa4sFg_Frying_(food),10
6tCRm2ZbFWI_Frying_(food),10
ABBJDDsYT68_Frying_(food),10
1NYJAJXYyNY_Frying_(food),10
21Lcs4vTfL8_Frying_(food),10
97oxHi3qxs8_Frying_(food),10
0ma2BvnQn2o_Frying_(food),10
A3gTZHDTCOY_Frying_(food),10
0PvDZ5t_Ajk_Frying_(food),10
04jA_kRetJY_Frying_(food),10
18ga5cnUrmk_Frying_(food),10
5OZjjLujmW4_Frying_(food),10
0H886ArR4l4_Frying_(food),10
9kMTqmnH0h8_Frying_(food),10
4nv-GOe3h54_Frying_(food),10
1CPfFe_5hyQ_Frying_(food),10
9tKPGdK3U08_Frying_(food),10
2ICT6R4XpG8_Frying_(food),10
3oMfiHn8glc_Frying_(food),10
8s70b3xf7LY_Frying_(food),10
-Tdc3q7JRto_Truck,11
-QFn83KrEFM_Truck,11
-HWpZgDLGr8_Truck,11
-VztaAFOxJk_Truck,11
-K1JViXX9B4_Truck,11
-EtIYMs01ZM_Truck,11
-ICTHK8dxiM_Truck,11
-P8t-8K7Nog_Truck,11
-XuYrreB4yo_Truck,11
-4XAxg0q2tU_Truck,11
-9miNA96XpI_Truck,11
-Mo58xHTBBM_Truck,11
-3gSkrDKNSA_Truck,11
-E_wxtWDQZ4_Truck,11
-JJrKDsw16U_Truck,11
-FMfpk6r3c4_Truck,11
-U81YEKgw04_Truck,11
-D4aoPlD81Y_Truck,11
-clJ2RMp3-0_Truck,11
-1Q21cZhHDE_Truck,11
-eG-t98SF38_Truck,11
-L_2n-o_74Y_Truck,11
-fDaqzmmgDU_Truck,11
-aHvje1_01M_Truck,11
-1s0DWApvT8_Truck,11
-Arp8czTjqo_Truck,11
-7naGvL3yig_Truck,11
--gKfbzT1VY_Truck,11
-0Hf2I8AFI8_Truck,11
-74wyz6FYhg_Truck,11
-QYgW-Ex6SU_Truck,11
-2NBZUCcvm0_Truck,11
-_IdSEcDj3I_Truck,11
-Q2IoqAyH4A_Truck,11
-8OITuFZha8_Truck,11
-cqIEy6nTOc_Truck,11
-d7973HHglI_Truck,11
-6XGcz56P9s_Truck,11
-7JyNNTdmiQ_Truck,11
-EnGyk2Yv1o_Truck,11
-Tp3z6RO2aw_Truck,11
-UBagB1UxV8_Truck,11
-4LGMEr9FtY_Truck,11
-FUt3V6--Og_Truck,11
-Jsu4dbuO4A_Truck,11
-EDKLrdJ0CM_Truck,11
-57EP-Yyt4s_Truck,11
-hKF_JXNseU_Truck,11
-DFmWLDkxQg_Truck,11
-NsqshmWlr0_Truck,11
-1B3CzpiW1M_Truck,11
-4_8Y4WOu7E_Truck,11
-XXyUQG-SRg_Truck,11
-Z0qBdSV1PY_Truck,11
-8-kuOPyPmA_Truck,11
-fkwU-Cxrl8_Truck,11
-aWgj3vUL7k_Truck,11
-39q4y0tt-g_Truck,11
-Kdd55ITPOg_Truck,11
-BCOY2XYUas_Truck,11
-M7a-eMvZhQ_Truck,11
-HyiQrHcAzk_Truck,11
-6xajA2OIg0_Truck,11
-Ei2LE71Dfg_Truck,11
-8WLbhKHmzE_Truck,11
-ak5JZyvZG0_Truck,11
-QWNPmXqLF4_Truck,11
-Lp-7hQvXcA_Truck,11
-_RcXZZzcUQ_Truck,11
-0MrEZKJ5MQ_Truck,11
-A6kW0_ycWw_Truck,11
-Mkz2Oc_56I_Truck,11
-IGtwN_J4r8_Truck,11
-gFcdjx9eRI_Truck,11
--ivFZu-hlc_Truck,11
-FWkB2IDMhc_Truck,11
-574Zi5ta6g_Truck,11
-5UvXobuBos_Truck,11
-QU_xNhKNfU_Truck,11
-Q1vDwPlBoU_Truck,11
-AL1aTUPgiQ_Truck,11
-SDCJ8DJoHY_Truck,11
-M9LxnABB1c_Truck,11
-MOtgCsHoEc_Truck,11
-gcMj5AQ2ys_Truck,11
-fG650UdJ3U_Truck,11
-3oUmjZ4b9o_Truck,11
-UVjilsIFg0_Truck,11
-Mn3laA2KZc_Truck,11
-bVSfBL3FIs_Truck,11
-8TniOLKP5w_Truck,11
-X8yxPW6YeE_Truck,11
-I1YtbHRWFM_Truck,11
-coawlxgw6o_Truck,11
-Eji8SnlVrY_Truck,11
-MTVKXvFpbU_Truck,11
-3PplV0ErOk_Truck,11
-JnkWPwjlS4_Truck,11
-L85N9dFq48_Truck,11
-8IP6mErHSM_Truck,11
-G7qHyhEZEY_Truck,11
-cuoF4rgpvU_Truck,11
-0B_CYyG5Dg_Truck,11
-9qnN5kQGdM_Truck,11
-4InX9dodOk_Truck,11
-agN-b6AHBY_Truck,11
-TihdrGxWFA_Truck,11
-26ansJluVo_Truck,11
-NwsmZFsbUQ_Truck,11
-35_gJSKJkk_Truck,11
-AuBtRrC1pk_Truck,11
-4wFZN7XLF4_Truck,11
PORZmak0JQY_Shofar,12
-9LmMF6IHmY_Shofar,12
rA7o3bNVh_Y_Shofar,12
x6f0yu_JzsE_Shofar,12
_tGdoqj0Qh8_Shofar,12
iQLenBcK45s_Shofar,12
Q6DKKTDCi1U_Shofar,12
pOL_cNsoR9I_Shofar,12
eYYMdLk4IcY_Shofar,12
lVytIMrX0UA_Shofar,12
TVUQoCs9fQk_Shofar,12
dAcYOigmG88_Shofar,12
wibPUdEs6K8_Shofar,12
TEy5H1Pe7ck_Shofar,12
pZHiz-meYow_Shofar,12
7qbbqP9mTIE_Shofar,12
Xoz7A7C6-a8_Shofar,12
RxLNDhT6uhU_Shofar,12
j3vGopca9XU_Shofar,12
QdHGmqMLi5Q_Shofar,12
-NZJ_e-JSdU_Shofar,12
eWrGKYS0TUY_Shofar,12
NmeAGwdsj6I_Shofar,12
BgmQCN0MQD4_Shofar,12
wzQbibs2Ea0_Shofar,12
Cf0XM1z11rw_Shofar,12
6dT50gS1luc_Shofar,12
XKQH1j7iVtA_Shofar,12
RF3nBIOPpyc_Shofar,12
PIH02iPJsG8_Shofar,12
jWapp2yk1B8_Shofar,12
yuFxx4JRdNg_Shofar,12
eUPu03vkeXY_Shofar,12
SV-TQEyCOK8_Shofar,12
Ld2gLtzGRL0_Shofar,12
lAA0QneMahs_Shofar,12
B-3JyKgt7pw_Shofar,12
LXroS71nkNk_Shofar,12
GZIr3RUF9MA_Shofar,12
NF3M5beSlyM_Shofar,12
BLnaG5Fho44_Shofar,12
lrUgYw22VOU_Shofar,12
JLUTx6TrNGQ_Shofar,12
csntczRbWvw_Shofar,12
QLi36r_bk_Y_Shofar,12
KubosyRbGWo_Shofar,12
fR1xYEILoPw_Shofar,12
gKWFm80IP0Q_Shofar,12
CW4rsibJdlM_Shofar,12
E8xP0lo8cx8_Shofar,12
FW5gyqVpedw_Shofar,12
NXQGt6CC1tc_Shofar,12
Eqn4IlzpfHs_Shofar,12
oOJ_jc61nD4_Shofar,12
AFqWyhb5Guo_Shofar,12
5VxyvkdEpL4_Shofar,12
Ky_bMgJt9cU_Shofar,12
h7yqAYAY8uw_Shofar,12
qbtinSIsPfU_Shofar,12
v_-tKhdgF4s_Shofar,12
I6m2D0_K9tE_Shofar,12
0HlcDqvawyM_Shofar,12
DLaS3WZdRNw_Shofar,12
fslKQERbUO0_Shofar,12
S_n8p_XGq0E_Shofar,12
3bYYlSPyPnU_Shofar,12
2PfBt_cK07o_Shofar,12
j937stPy0sM_Shofar,12
3NHJUkdHwtA_Shofar,12
bVhz9R6Mgrc_Shofar,12
Qfw8LylVSfc_Shofar,12
YaqwKoHzVq8_Shofar,12
sfyd3WX2OjE_Shofar,12
rKGizeiNwi0_Shofar,12
HucIQq6Aky0_Shofar,12
eIARd5TSWBQ_Shofar,12
BoU_tWjVDn8_Shofar,12
6iefuGEvlHI_Shofar,12
rjsuq0kQqGQ_Shofar,12
weKt0KjakLI_Shofar,12
WE5ZhKSq90Q_Shofar,12
BgnSvbrhrKE_Shofar,12
0IQxynJmVcg_Motorcycle,13
0RGDINDHaQ8_Motorcycle,13
0ItlRaeE8fE_Motorcycle,13
-wblF8Yd3pQ_Motorcycle,13
-UmdTmFZMno_Motorcycle,13
-KdcpwL9psc_Motorcycle,13
-sdNwlxs4qA_Motorcycle,13
0CrFJ3YqIbk_Motorcycle,13
-nJpLdP1soU_Motorcycle,13
1C0bH19uXh0_Motorcycle,13
03y3RgMybY8_Motorcycle,13
-DfS3pZTBcQ_Motorcycle,13
0SK5s3_T3lU_Motorcycle,13
-wfzJ1-A5Lc_Motorcycle,13
-rt4hmZE2NA_Motorcycle,13
-kUFdYpIHPU_Motorcycle,13
-KmDAgYb0Uo_Motorcycle,13
-NDKWUJ16B4_Motorcycle,13
09hujnIv05Q_Motorcycle,13
-BtHxM5Uvig_Motorcycle,13
-H_3oEkKe0M_Motorcycle,13
0C6uNNxfcw8_Motorcycle,13
14wPUIldY6M_Motorcycle,13
-zKu4zUxnbk_Motorcycle,13
0F0lo2ICjVg_Motorcycle,13
-rCGeA7H8ig_Motorcycle,13
17N8TLC_-9E_Motorcycle,13
0jpK9KoFleI_Motorcycle,13
1EUE2fs-hZA_Motorcycle,13
03t97hiWnLc_Motorcycle,13
0X9wj5DvYnA_Motorcycle,13
-aMB5YLAxZo_Motorcycle,13
-o7Wy0ePIv4_Motorcycle,13
0-ELXD9GQXA_Motorcycle,13
-yks9hncucc_Motorcycle,13
0FoM1PBP5wE_Motorcycle,13
0813ZAMKBio_Motorcycle,13
-ztsjdrEqVQ_Motorcycle,13
1AWhzgxoytU_Motorcycle,13
-WOcO4B-Jis_Motorcycle,13
0dNXQt5BtEw_Motorcycle,13
15UO-340RDg_Motorcycle,13
03_6oCyepKU_Motorcycle,13
06WgbDqqXPM_Motorcycle,13
0gkgoNTBLdE_Motorcycle,13
0jOAvZuo1SE_Motorcycle,13
0A5lcp2WFzI_Motorcycle,13
13XPDhrHoo0_Motorcycle,13
0l6r9b3V-So_Motorcycle,13
04VG5xPYxFw_Motorcycle,13
0VjkHdAS4mI_Motorcycle,13
1-4xqkRfFFc_Motorcycle,13
18-XenSGxAU_Motorcycle,13
-3-t7Sm6un0_Motorcycle,13
-yCQG9pXf_U_Motorcycle,13
0rSETXszQM0_Motorcycle,13
-B3Y_9682M8_Motorcycle,13
14cnVvpzOxQ_Motorcycle,13
0jiVxRwk-60_Motorcycle,13
-WwAxd-BBrs_Motorcycle,13
-jnOQkG1gMs_Motorcycle,13
0ebMCZhF0oQ_Motorcycle,13
0XKaQKywFDA_Motorcycle,13
0V0MxUBtx9g_Motorcycle,13
-pdljKJHPgg_Motorcycle,13
0XpRRYZZs5o_Motorcycle,13
1-v2SFonosc_Motorcycle,13
-4D3Gkyisyc_Motorcycle,13
1BwO2S8XiOk_Motorcycle,13
-ZV0E0GucqQ_Motorcycle,13
-S-5z2vYtxw_Motorcycle,13
09NvcvNBR-w_Motorcycle,13
013ek35qYGg_Motorcycle,13
0p68pGdkUnE_Motorcycle,13
0GO42Oh_vmA_Motorcycle,13
0SoVB6iEHTU_Motorcycle,13
0dpHl5euqHU_Motorcycle,13
-YD4QvOyC9k_Motorcycle,13
-Iry0eQq4DQ_Motorcycle,13
0NQhj_mvLss_Motorcycle,13
1RQDHn5YiK8_Motorcycle,13
-DSwrKDGI7c_Acoustic_guitar,14
-4oPjbOiSjI_Acoustic_guitar,14
-AczMkg9mCg_Acoustic_guitar,14
-9_fvHnpkmo_Acoustic_guitar,14
-0oPui2fiaE_Acoustic_guitar,14
-CMUF8xpFig_Acoustic_guitar,14
-2BP7NAkFLk_Acoustic_guitar,14
-8soqvqMMhY_Acoustic_guitar,14
-2je75-0KNA_Acoustic_guitar,14
-9Y076KDt2w_Acoustic_guitar,14
-0WZoijgWto_Acoustic_guitar,14
-4WioONkd78_Acoustic_guitar,14
-CHSusoQX3g_Acoustic_guitar,14
-0pPRv4nAWM_Acoustic_guitar,14
-2RgOtEurSs_Acoustic_guitar,14
-DgW3I5yBBE_Acoustic_guitar,14
-Eyx2KSY5As_Acoustic_guitar,14
-2q6kuuOdB0_Acoustic_guitar,14
-ECajBUMQQ0_Acoustic_guitar,14
-0P3vxYiblU_Acoustic_guitar,14
-3TyrrbgEgQ_Acoustic_guitar,14
-CLJmM1PKY4_Acoustic_guitar,14
-7rhcT3NNtY_Acoustic_guitar,14
--d2Z5qR4qQ_Acoustic_guitar,14
-D0zH6poZbY_Acoustic_guitar,14
-DcdNHF8c6A_Acoustic_guitar,14
-6hh1UaSy9A_Acoustic_guitar,14
--JxAySnD3Y_Acoustic_guitar,14
-1bPo4d-3Z0_Acoustic_guitar,14
-E2MNnK1ixs_Acoustic_guitar,14
-G-3350TIrM_Acoustic_guitar,14
-BYCPHzC_z4_Acoustic_guitar,14
-EzgXKfh5Go_Acoustic_guitar,14
-5xBW8BNKnE_Acoustic_guitar,14
-BTqPaSanW4_Acoustic_guitar,14
-6Q22zyI0h8_Acoustic_guitar,14
-3MPnB4orhk_Acoustic_guitar,14
-7xhPQmYYTk_Acoustic_guitar,14
-Aa_Rm8ZljI_Acoustic_guitar,14
-3TA9Fns4rA_Acoustic_guitar,14
--bSurT-1Ak_Acoustic_guitar,14
-9LSf3fUoYM_Acoustic_guitar,14
-C41GoDauRQ_Acoustic_guitar,14
-7z_g2ckXRo_Acoustic_guitar,14
-ClhZuMx8EQ_Acoustic_guitar,14
-9Scslp_ROM_Acoustic_guitar,14
-8Y4qrcnKv8_Acoustic_guitar,14
-2TjevpJuAs_Acoustic_guitar,14
-12PNUDVUjA_Acoustic_guitar,14
-C96gWRdNVM_Acoustic_guitar,14
-09uCtwZOF0_Acoustic_guitar,14
-BmlgYVs6A0_Acoustic_guitar,14
-4uh-n7z1XU_Acoustic_guitar,14
-5Ha9jY_hT4_Acoustic_guitar,14
-4lR3P0luWI_Acoustic_guitar,14
-1k1cir4qIc_Acoustic_guitar,14
-GWm7pRV15U_Acoustic_guitar,14
-0IpBrwQDUA_Acoustic_guitar,14
-88uaKN9R3k_Acoustic_guitar,14
-D8gYcJNp3E_Acoustic_guitar,14
--GvhCexa_E_Acoustic_guitar,14
-9GRE84DX2M_Acoustic_guitar,14
-DzuaA0g024_Acoustic_guitar,14
-3yRmj2NwTU_Acoustic_guitar,14
-64KicbcQt4_Acoustic_guitar,14
-BpgDEXKdx4_Acoustic_guitar,14
-D7MLPP0GQQ_Acoustic_guitar,14
-9Js3lP4vqs_Acoustic_guitar,14
-EUup6JmUwA_Acoustic_guitar,14
-FWb_Uy72CU_Acoustic_guitar,14
-7OYJe6ioao_Acoustic_guitar,14
-5zWq2etKA8_Acoustic_guitar,14
-5j92zqG-Mw_Acoustic_guitar,14
-1Gj9qjFRVk_Acoustic_guitar,14
-6tJgFlNo-c_Acoustic_guitar,14
-4WYfLAz3zE_Acoustic_guitar,14
-46ku5CZAS8_Acoustic_guitar,14
-88FrdcLdkw_Acoustic_guitar,14
-7pvEiaWAcY_Acoustic_guitar,14
-8HqbAVQl24_Acoustic_guitar,14
-8lqS7ieWmc_Acoustic_guitar,14
-B2xyW8KkpM_Acoustic_guitar,14
-ENQiyOIcrc_Acoustic_guitar,14
-AFx6goDrOw_Acoustic_guitar,14
--qsECcA_3U_Acoustic_guitar,14
-A9iGSBs438_Acoustic_guitar,14
-ADzqyqPeas_Acoustic_guitar,14
-9hqBiuwp2Y_Acoustic_guitar,14
-FwRTkNgVic_Acoustic_guitar,14
-9V3xlyCkLs_Acoustic_guitar,14
-FgAkfgRrOE_Acoustic_guitar,14
-2HeDmvtT5M_Acoustic_guitar,14
-E0djSiyFNI_Acoustic_guitar,14
-5jWW0IxRjo_Acoustic_guitar,14
-5rVfNxVJSY_Acoustic_guitar,14
-1rxHcRCiDo_Acoustic_guitar,14
-4fL8AMnGQ4_Acoustic_guitar,14
-51SjconobU_Acoustic_guitar,14
-AWrX2EIY4g_Acoustic_guitar,14
-GS-cR8XUMI_Acoustic_guitar,14
-GlmbrP1Pn0_Acoustic_guitar,14
-EYEYe-31wQ_Acoustic_guitar,14
-Fduahpgt8I_Acoustic_guitar,14
-8E4IvhlJ3I_Acoustic_guitar,14
-37uZp3L3vw_Acoustic_guitar,14
-DPoX0GdToU_Acoustic_guitar,14
--5zANFBYzQ_Acoustic_guitar,14
-GaIulg3Q8M_Acoustic_guitar,14
--zF7ruOot0_Acoustic_guitar,14
-E1zyCQE3es_Acoustic_guitar,14
--R7bBR7hE4_Acoustic_guitar,14
-03879e6MhU_Acoustic_guitar,14
-5ryAgjJabg_Acoustic_guitar,14
-1WgjQJ8ZqQ_Acoustic_guitar,14
-EXJqzF-Bf0_Acoustic_guitar,14
-53uqygEU84_Acoustic_guitar,14
-6WEyprpIdQ_Acoustic_guitar,14
-A7_Doj8A9g_Acoustic_guitar,14
-7qHG9aDE4I_Acoustic_guitar,14
-FB3AuvAXQg_Acoustic_guitar,14
-6Z_lltrZ0w_Acoustic_guitar,14
-1z0upPQSRU_Acoustic_guitar,14
-33y0hmJOBk_Acoustic_guitar,14
-CoEDbrRDTM_Acoustic_guitar,14
-9v4yxKbqs4_Acoustic_guitar,14
-CsvPPK20ps_Acoustic_guitar,14
-11GfJ6UFV8_Acoustic_guitar,14
-9QKXS0LaDc_Acoustic_guitar,14
-AaLDAoJO14_Acoustic_guitar,14
-6hckVgS_vM_Acoustic_guitar,14
-8opyoruJSE_Acoustic_guitar,14
-1XBP-nZ1bQ_Acoustic_guitar,14
-5CRYUnzAcQ_Acoustic_guitar,14
-8JBa54NFpU_Acoustic_guitar,14
-41ertr_i3M_Acoustic_guitar,14
-BFcExBQfAk_Acoustic_guitar,14
-6YsD3SetJc_Acoustic_guitar,14
-5ZfWTfqVVo_Acoustic_guitar,14
--FJhcfXeow_Acoustic_guitar,14
-8-Hy0FO_go_Acoustic_guitar,14
-F5wSJwBZjU_Acoustic_guitar,14
-2c0AbqlqT8_Acoustic_guitar,14
-C-nDsEzd74_Acoustic_guitar,14
-0h43imMMzg_Acoustic_guitar,14
-CwVjwh63FU_Acoustic_guitar,14
-GOdzI5nPfA_Acoustic_guitar,14
-6-fcqZjrmY_Acoustic_guitar,14
-COeFt-jaMU_Acoustic_guitar,14
-6KRo2ZcQMY_Acoustic_guitar,14
-0Ghd8lbOmI_Acoustic_guitar,14
2o93RmaqiLw_Train_horn,15
7li4oPDlkvo_Train_horn,15
1wWU0iUAm0U_Train_horn,15
1NDvh04pBGU_Train_horn,15
4tCcsoXT4mc_Train_horn,15
2wG6EBWr5NQ_Train_horn,15
7cEGk6FNpf0_Train_horn,15
1mHYEQPpwls_Train_horn,15
28lpUDQbsAU_Train_horn,15
0EVyUEVloBc_Train_horn,15
511xID91gOM_Train_horn,15
7Ii3h-ogMEE_Train_horn,15
6HNNRcOwdNc_Train_horn,15
5kqVXgLVzhk_Train_horn,15
5I8SBO3Usws_Train_horn,15
2hcY8kXQj60_Train_horn,15
6S6YUyHN56Y_Train_horn,15
0bQnpp4aB_Q_Train_horn,15
0rhSFPtqAhI_Train_horn,15
1wXZatca5OU_Train_horn,15
-xqoOAYnNEo_Train_horn,15
0AR5GulKZKo_Train_horn,15
27HIamF8pKo_Train_horn,15
18wd5CmRyFU_Train_horn,15
7YHdWiSOChc_Train_horn,15
5Ny7dTGshOk_Train_horn,15
-5jTPNu2Unc_Train_horn,15
2BMHsKLcb7E_Train_horn,15
3JR1kD2HQ_s_Train_horn,15
3n4G4MbYRFE_Train_horn,15
6lo3w_bSHwY_Train_horn,15
4YNcm3tknVw_Train_horn,15
7gCJvUklOco_Train_horn,15
4ZHPpXmdG0g_Train_horn,15
4-nx7nOna50_Train_horn,15
1JfnWSwbxCw_Train_horn,15
6FQKuPSCNzo_Train_horn,15
3ndid3jni7M_Train_horn,15
5oLozmidBnY_Train_horn,15
2QXhTsNhzIQ_Train_horn,15
-1oRfe0FQI8_Train_horn,15
0smuyAnjIJI_Train_horn,15
-u9BxBNcrw4_Train_horn,15
0ACYrfUrcJU_Train_horn,15
6CRbv7wRxMU_Train_horn,15
6D8-2JQ6G0c_Train_horn,15
0B8Wt5PiL1k_Train_horn,15
2iwPgYGH_Ew_Train_horn,15
-OanzatsuDY_Train_horn,15
0NXdGlo-Mwo_Train_horn,15
-U1ebnHfHEU_Train_horn,15
0095-_8T5ZY_Train_horn,15
13guh6z6X6g_Train_horn,15
28AvGZWnCg8_Train_horn,15
7QsxGFPOZrQ_Train_horn,15
3rZKZ2bDiHQ_Train_horn,15
7-NlcX-d0w4_Train_horn,15
6XUF56FlKvg_Train_horn,15
5yOga-6uyD8_Train_horn,15
0kh5HKETL0A_Train_horn,15
0QKj8bSma1g_Train_horn,15
3k_4mlinK9w_Train_horn,15
6hACE_1iS1I_Train_horn,15
3Sml1wHcuxo_Train_horn,15
1NIO0HSFUIo_Train_horn,15
6xNjvLpKhrw_Train_horn,15
2yRlRl8prmo_Train_horn,15
1PaQmRw_VIs_Train_horn,15
-n2qmn-4i3E_Train_horn,15
3W-kCKzE4Lc_Train_horn,15
4QHVLFkpiAI_Train_horn,15
3UNrlWS46wI_Train_horn,15
7XL--db_qQ4_Train_horn,15
4zCGF-4R-Ws_Train_horn,15
1WzI9RX3CnE_Train_horn,15
5XYm_gWJmkk_Train_horn,15
-qu6yqh6F_k_Train_horn,15
-EovwXDEidU_Train_horn,15
-RFRH50Qobg_Train_horn,15
1UtX_r3nZp0_Train_horn,15
2HNc9hg37Zs_Train_horn,15
2tA9BBVzx5k_Train_horn,15
6vsTXT8XJP4_Train_horn,15
2vXwxPcjmdc_Train_horn,15
2ceUOv8A3FE_Train_horn,15
6RptdyF2Nu8_Train_horn,15
3_pAoiTNFys_Train_horn,15
-A3K0_gtK4c_Train_horn,15
4z_y47YsieE_Train_horn,15
6A9IBFSVYwY_Train_horn,15
3fmEdb87BcU_Train_horn,15
5R7ChPxlWjM_Train_horn,15
5ttWKdrpWHU_Train_horn,15
2WTDsKqQbZc_Train_horn,15
3TB0dB1r59M_Train_horn,15
7XsWZg3eUs8_Train_horn,15
0PJ6PRTzoWs_Train_horn,15
1iUXERALOOs_Train_horn,15
7KdSGBzXvz8_Train_horn,15
-JaQwrOeCYs_Train_horn,15
6hRncnuF1NY_Train_horn,15
4QYxw4ca0go_Train_horn,15
1ceprZO-VEU_Train_horn,15
6ZB-UngiUMM_Train_horn,15
0ktrXv5sR4s_Train_horn,15
5sDXHnJBVms_Train_horn,15
53oq_Otm_XI_Train_horn,15
4tlvzARr7lQ_Train_horn,15
---1_cCGK4M_Train_horn,15
255C0OODvTA_Train_horn,15
4y7SGVV--Ds_Train_horn,15
5XquGZ5QZms_Train_horn,15
2QsWNp64ERU_Train_horn,15
5OYAI-pXAMo_Train_horn,15
7JWHbs3gu1w_Train_horn,15
-Oo5KT8cycI_Train_horn,15
-QvVYdS1X1M_Train_horn,15
2wadsgHvSAM_Train_horn,15
3GP_mBH2D5U_Train_horn,15
2ofpux29XGM_Train_horn,15
2P5SAsilxeM_Train_horn,15
-hAjyh3rqqc_Train_horn,15
28dSHMdwY_I_Train_horn,15
0yETgW44MZU_Train_horn,15
1tQys1GnFwU_Train_horn,15
-FBT_lY07L0_Train_horn,15
2E3r-Dfb1NE_Train_horn,15
296yTJSr6uI_Train_horn,15
51DAVKSdj4Y_Train_horn,15
7X3i7llSK9U_Train_horn,15
2bSkMSmVolk_Train_horn,15
2MzX4ArMlBg_Train_horn,15
-z6NOS2bnCk_Train_horn,15
-eVdi8PdMh4_Train_horn,15
5seNyvFJ_X4_Train_horn,15
2rYqQH_iBm8_Train_horn,15
1TBD_xpFAHQ_Train_horn,15
3qnpOqvnKTo_Train_horn,15
0nPbMeub5HU_Train_horn,15
4NfpeAUeVUY_Train_horn,15
7QEqRkxpwfU_Train_horn,15
7rBsX5BNkEs_Train_horn,15
9lIuZfpWZ1A_Clock,16
-JL78b6hi3A_Clock,16
HEqn0tgCtDM_Clock,16
G2yfNNDR8tA_Clock,16
-6pLGGF7dEI_Clock,16
QSgqjJ2iglM_Clock,16
RZ-25-R2yOc_Clock,16
7PYQAzEiNc8_Clock,16
OPoQ8rYEQAQ_Clock,16
GL3JL2S3JBk_Clock,16
TIeB9Ys55KM_Clock,16
2ZgGPpzjD-Y_Clock,16
HYRRG2fbiDE_Clock,16
15t7uWnpXUI_Clock,16
KzLIV1RR1Ig_Clock,16
G42WbjmRLn0_Clock,16
5oW8arAFDOg_Clock,16
OaMdMAq68hY_Clock,16
EZDqMetpnI0_Clock,16
-ZsFEZ92YzI_Clock,16
Cj0z4MmWYdw_Clock,16
Nbq_CyxC3XU_Clock,16
QalR0dtk9Xs_Clock,16
T2racTSEOUc_Clock,16
5BdcUvdab3k_Clock,16
2kjkEcDDr4I_Clock,16
8wbYSIqgduc_Clock,16
H4QhOHejyzE_Clock,16
EDsWcIijZCw_Clock,16
H2rIs4Nz8Lg_Clock,16
2Qk5L8KoM90_Clock,16
KnZrJKI6yus_Clock,16
9B7U1OSNU0o_Clock,16
5-c8YiltWcw_Clock,16
G-Rkt13H-kk_Clock,16
4oTkYH0wLq4_Clock,16
6Qx-Ps4Qroo_Clock,16
SK9DGzNEKb0_Clock,16
JFJ24afZ_Fs_Clock,16
-h9REoRVzYY_Clock,16
-C6QgrNGGMo_Clock,16
71A-eTp_bc0_Clock,16
TBwH_C_q0KI_Clock,16
7X92vZiKi7o_Clock,16
C2fLuBUVj-g_Clock,16
Ef0ozkh5t-Y_Clock,16
71z8yKE0Imk_Clock,16
AyemIt_rQ5g_Clock,16
THcQKnqD3_Y_Clock,16
U4nhmciONvk_Clock,16
SOMymsNBxHs_Clock,16
HgaACU-IS1c_Clock,16
2ZeDIC4POcQ_Clock,16
S3bE2b9p5Mg_Clock,16
3VoGCV4JJCk_Clock,16
M09IRnW6mDY_Clock,16
-5kRgp_lxpk_Clock,16
SbZpkhIbP84_Clock,16
G23Me3A60b8_Clock,16
J4MfYfhPTh4_Clock,16
1F91ttmVR-E_Clock,16
5BZW0xGIFDE_Clock,16
9Xuqt4YyyhU_Clock,16
OL63NVm1v7A_Clock,16
K87g-ye5CBE_Clock,16
KsfLJ3YHhHo_Clock,16
RlkVC38UKPw_Clock,16
Qw2wxu0URHM_Clock,16
5VuYBSLbyr8_Clock,16
0j1-0Y6lGck_Clock,16
EzPcuNoSHMM_Clock,16
Bk9tGQ4jvhU_Clock,16
DDJ2B4vpC2k_Clock,16
BCkJt4wi-cE_Clock,16
AZmQOcwsdQE_Clock,16
5f6RijX5c8E_Clock,16
-6n82E5zyuY_Clock,16
NSz_1Xj_Skc_Clock,16
1xat7fl_LSo_Clock,16
Lji7Mm1aCgI_Clock,16
54XNhwZdXEc_Clock,16
M6otcd7ea2U_Clock,16
AAwMzLmNPcg_Clock,16
-guAT8rQA4o_Clock,16
KIkz8eNtdqo_Clock,16
FzTaWlxFJMI_Clock,16
9nQalgeHLXY_Clock,16
ASm7147jW48_Clock,16
83dRnWywde8_Clock,16
KjRwAdR7dno_Clock,16
CJCwr2gl2CM_Clock,16
8T66UE27d6k_Clock,16
D2GrGAQchBY_Clock,16
G0gRRosFHSA_Clock,16
ITaIdQQz8UQ_Clock,16
AIDhyqwbUNU_Clock,16
KZUIx94Gsps_Clock,16
0brq4I0WAls_Clock,16
ORo5aQ7_42o_Clock,16
MZUxosbbAjQ_Clock,16
4dzzfgvKuqU_Clock,16
RTe-0YG5QS8_Clock,16
S9VYYZg0t-E_Clock,16
9IItZmu_HbQ_Clock,16
1EI58xGWnWg_Clock,16
5vlP7iCnWt4_Clock,16
8T0HsvI09Ns_Clock,16
JRVGGFlLZ8Y_Clock,16
MmnhEdf9tZU_Clock,16
26y1JLJWZyI_Clock,16
6dJ5UfaJ-fE_Clock,16
MNva8cCYixc_Clock,16
Goo5YHuZyRU_Clock,16
R9X92tiwMOc_Clock,16
Ru7m8PyMlVM_Clock,16
0H533OGPZ2o_Clock,16
2fr9dpxS1o0_Clock,16
6YiNpnGqviM_Clock,16
DqxBpDRABqI_Clock,16
N7FoTTBAVkM_Clock,16
A0N38yb3QCk_Clock,16
4sIaZJJ0QMY_Clock,16
17Q-GgtKWqs_Clock,16
Fs2OcY5pKDQ_Clock,16
MeDBPr3YYlY_Clock,16
D3KJJRRUvNs_Clock,16
D7RhslPmr9M_Clock,16
1UUhMZAgU_c_Clock,16
5xOWesepO7U_Banjo,17
4m4aH1ZE9gI_Banjo,17
-1P74acOb3c_Banjo,17
6qUpG7Zapj8_Banjo,17
67Ika3reFWg_Banjo,17
3qWfr7guPDs_Banjo,17
-Xr7HusAEvY_Banjo,17
1eSCkm6XHHc_Banjo,17
6JoGfDBPXTk_Banjo,17
5zLQNFQ2cFI_Banjo,17
4BazFix9xzg_Banjo,17
-LQuCzisPK0_Banjo,17
4Iq0UsC_cqY_Banjo,17
-2-sma5HfXo_Banjo,17
4z01EVU2FXo_Banjo,17
4ESpG1obQgs_Banjo,17
2JkATIeI0Ow_Banjo,17
3HCjfsCbhSg_Banjo,17
3HCtXBpR_zo_Banjo,17
5iFpQ5mtMug_Banjo,17
3LSrPiD23fI_Banjo,17
5-_A-vF9N58_Banjo,17
05EetL8zJUs_Banjo,17
1UTaPnm3tTA_Banjo,17
-E0djSiyFNI_Banjo,17
4wqmxClvupU_Banjo,17
0XmfK5P_3RU_Banjo,17
1I39Wl3JGAw_Banjo,17
2b7zZRDMLJc_Banjo,17
-3xhrOw45ss_Banjo,17
0eYgYrenUv8_Banjo,17
2Fkh-PUx2SA_Banjo,17
4TSUsNphq-U_Banjo,17
1JUSlR465lg_Banjo,17
-QCh8luHaBI_Banjo,17
4umEvJi2rRE_Banjo,17
0qMmJlVlupQ_Banjo,17
54by0PnKycA_Banjo,17
2wME2IbkbOY_Banjo,17
04DjKHZ3IOc_Banjo,17
-RmBbZuxWmg_Banjo,17
7DYqi_JU6gw_Banjo,17
1iXKgat2Ejc_Banjo,17
33Fcg1gc7WA_Banjo,17
4Y27QuXXBps_Banjo,17
1COTNE5iwpw_Banjo,17
43kp_izNnKU_Banjo,17
7DAFryqUedg_Banjo,17
-PljzzluWNw_Banjo,17
74k_Bq3hlNc_Banjo,17
13QhOWzVbPg_Banjo,17
6n_Mb2OO3vY_Banjo,17
6uSSkoqyMvk_Banjo,17
-nXyb1Fakjg_Banjo,17
39KgkK23Zmk_Banjo,17
0f_iTO5t3hU_Banjo,17
0Zk4rGgntXw_Banjo,17
0lXPYBYtBt0_Banjo,17
6kEEmWamSKU_Banjo,17
4zciMA4sFQY_Banjo,17
1ZQ9NZkgg0I_Banjo,17
4WUABQYm7ZU_Banjo,17
00_do2b96M8_Banjo,17
14ptT2dPCag_Banjo,17
470xac8EMEA_Banjo,17
1cmo1SGxJnc_Banjo,17
3XA5GpxtbAc_Banjo,17
53BIo9Alu2o_Banjo,17
-izECjXmjO4_Banjo,17
2W7k7nvGkdI_Banjo,17
5SzhhEJQlyk_Banjo,17
1ij4byJM8ts_Banjo,17
5MKd2koggOI_Banjo,17
6OSEf-W1gmc_Banjo,17
6Ld7FQHOuW0_Banjo,17
3q-xiLU-jaM_Banjo,17
5hxOprt5W2o_Banjo,17
6m5AkQNUrsU_Banjo,17
4S17Sgal57E_Banjo,17
0AdFpWOtHbg_Banjo,17
3tD9tWqs3vY_Banjo,17
4UbZjOQ5vkw_Banjo,17
1NNT9pvflZk_Banjo,17
31nHi_FplaU_Banjo,17
-T8cE60OKHQ_Banjo,17
-wGAzd51XRE_Banjo,17
5npF8GtaaNA_Banjo,17
0v0ibcCdanE_Banjo,17
-RD0aTeWg14_Banjo,17
-ty5tv-2kys_Banjo,17
2iTo49F8QcI_Banjo,17
3M_ohr7o5W0_Banjo,17
0sKuwJFDM0g_Banjo,17
-cOKtj7xFTc_Banjo,17
1DFNOFVNs5g_Banjo,17
1-z6ZJyeOHs_Banjo,17
-_9pg2ryrx4_Banjo,17
4ftnQdEaLO8_Banjo,17
2vvwj6Wd9js_Banjo,17
4Kq8Hdz4TBQ_Banjo,17
3u96MxfeTVU_Banjo,17
1lG2xWHQSVI_Banjo,17
6ehLWXOZIb0_Banjo,17
39V3dKUAjAs_Banjo,17
0AmnWi50igk_Banjo,17
0G2C2jrNbak_Banjo,17
3RN24S2HOWU_Banjo,17
2VnBVi_9ErU_Banjo,17
30jSVJwjNfo_Banjo,17
519276Ov9DM_Banjo,17
3QpveQBDgv0_Banjo,17
-cdWYt1nhWE_Banjo,17
-Vu8x7fsYRk_Banjo,17
-sesmTrzkJM_Banjo,17
-ECRgvDx4xc_Banjo,17
-nG-wpQjj6I_Banjo,17
3yoo27Wb02M_Banjo,17
5jKH6UTb7sw_Banjo,17
5ytB4iS5O9g_Banjo,17
1OTyRCUni98_Banjo,17
3K0ud-1Qk9c_Banjo,17
-RG9KMGaxpY_Banjo,17
3dbYLO6rYrI_Banjo,17
5Jt35egBuSk_Banjo,17
1jFTNynSEy8_Banjo,17
-W4EC8noDuw_Banjo,17
3MZTghUcOv0_Banjo,17
4KVKMrMs9eg_Banjo,17
6puZFsJvC64_Banjo,17
41zDfMgINbo_Banjo,17
1NsemVwhP84_Banjo,17
2RBhvoqWPeY_Banjo,17
44cfH6Doy80_Banjo,17
2ZeEIy0hilQ_Banjo,17
2JilwMOhWYY_Banjo,17
0rqnbyN989M_Banjo,17
64LH0YO_wrU_Banjo,17
0hbLwAJ5ChE_Banjo,17
-G7nkZHC0ws_Banjo,17
2KBEgimWb_M_Banjo,17
1bqxaEs7cs0_Banjo,17
09_uj4VbMCM_Banjo,17
3bbivQeLJUw_Banjo,17
3mkKBUp4PRI_Banjo,17
3_lvUQ4M_G8_Banjo,17
4CVPZN0FNGo_Banjo,17
0azbvZ3t2B8_Banjo,17
9ClNkSId6Ks_Goat,18
8b8jHMX4g0Y_Goat,18
0TLSd9HPbbs_Goat,18
1LSmPtw0dZE_Goat,18
0QePKnSWXkE_Goat,18
3bY13Xh7zig_Goat,18
3mVON9vvYsA_Goat,18
8sBKRU1iy0E_Goat,18
6WO8sfJA6uo_Goat,18
1viv36mGRC8_Goat,18
4gyvq34qU5M_Goat,18
8VavzRcNdIc_Goat,18
10f9CWXiKRY_Goat,18
-lBEpPVvddQ_Goat,18
66A7gHSBUd8_Goat,18
7AUBHLvR8lI_Goat,18
8l2dRKrTegM_Goat,18
-bTFWFcUjNA_Goat,18
4YHjIWfu8aM_Goat,18
0TOAK10lIXQ_Goat,18
2TpjbD-CWYY_Goat,18
1VKFZ5lT0mk_Goat,18
4xz6tfSelb0_Goat,18
7cq-i8Fuofw_Goat,18
2NIjl2fnxdg_Goat,18
1aJK75652Ns_Goat,18
6-Lw3bPnOXU_Goat,18
8jS7OYSvXfQ_Goat,18
0cYckigNbjQ_Goat,18
-rle7IE9xsA_Goat,18
0TOWcmuge8s_Goat,18
8SvugCZ9Vkk_Goat,18
6-avIf_pwUY_Goat,18
4nFl_JnYUH8_Goat,18
3kBlVLkN0zo_Goat,18
8ZcAYJtFjvk_Goat,18
6VH7PWyMRIY_Goat,18
--mMv-eQ2yQ_Goat,18
7rSNwPIs4N0_Goat,18
0bStICC7mUI_Goat,18
3UeZLkYD-zw_Goat,18
3x9WnpPeenw_Goat,18
43IIGFzL6_c_Goat,18
8pY4qosFRa0_Goat,18
2NAiGvy45LE_Goat,18
-5Vzl5XrIMc_Goat,18
2IeOocYiQyc_Goat,18
69Ll0798BzM_Goat,18
16v-_tPDAXI_Goat,18
6xWdHhGJoUM_Goat,18
4zMXeb3J0lQ_Goat,18
4AYySiliYAw_Goat,18
40jdvtFhRhY_Goat,18
8x3hZe2q2cE_Goat,18
86yYvosT7i4_Goat,18
8u3IVrtMy-A_Goat,18
2nigkxWmh-g_Goat,18
97FmqI0hQGA_Goat,18
-O2S-coiv90_Goat,18
8Zo_sopbYiI_Goat,18
-PCGe5-I9_Q_Goat,18
1760Zs-Rezw_Goat,18
0jmA8pubdV8_Goat,18
3PL62twAWwM_Goat,18
35fhONQ6R6s_Goat,18
0q8lKEbzVcI_Goat,18
8U5J5JR8vMQ_Goat,18
8oHYrSvfM2o_Goat,18
7hjhGQCkw4Q_Goat,18
2g7kFCWWjEw_Goat,18
6_aaPAoVO_0_Goat,18
3YkfTUmsh6g_Goat,18
3pb6aR0Y_-E_Goat,18
-HgUFusTA1w_Goat,18
2Z4SnQEpavM_Goat,18
2FPKZIAUNIs_Goat,18
7Fa0CGltW9I_Goat,18
6KrbNjkVfDQ_Goat,18
4_u7bY79q5c_Goat,18
6-xy21Wa_4w_Goat,18
78yrwc9y1ik_Baby_cry__infant_cry,19
3aTDYxyF6bc_Baby_cry__infant_cry,19
0QzC8ORgZlM_Baby_cry__infant_cry,19
2HIcBRftdHQ_Baby_cry__infant_cry,19
76FDHAAf6ag_Baby_cry__infant_cry,19
5Unut8KldHk_Baby_cry__infant_cry,19
2Cvw3f6g2c0_Baby_cry__infant_cry,19
2u9uWvVgULk_Baby_cry__infant_cry,19
33D-gg4ZYyc_Baby_cry__infant_cry,19
3v7q1xTR2LQ_Baby_cry__infant_cry,19
-gk3LALyrZg_Baby_cry__infant_cry,19
-bnjqdi3nDE_Baby_cry__infant_cry,19
6ACAK_V33bs_Baby_cry__infant_cry,19
2AxAYXhrLGg_Baby_cry__infant_cry,19
6dmyeQrGZJM_Baby_cry__infant_cry,19
-rP7QaqnA3k_Baby_cry__infant_cry,19
794CLziIitU_Baby_cry__infant_cry,19
-OIY3tRRGwg_Baby_cry__infant_cry,19
2o_oXiLOXpg_Baby_cry__infant_cry,19
59D_uUSLNQc_Baby_cry__infant_cry,19
2mmXoqiCOcM_Baby_cry__infant_cry,19
1-9KSslytrk_Baby_cry__infant_cry,19
1f9QJVrgs7Y_Baby_cry__infant_cry,19
6xu13pTAguU_Baby_cry__infant_cry,19
03Hgkn0DIA8_Baby_cry__infant_cry,19
5fKWiCTFZgk_Baby_cry__infant_cry,19
54TUIAhPjM0_Baby_cry__infant_cry,19
3AQFAFy1RCw_Baby_cry__infant_cry,19
3zM_vofZb8g_Baby_cry__infant_cry,19
4xrFWU6Ir58_Baby_cry__infant_cry,19
580fTacikqk_Baby_cry__infant_cry,19
4VkDJVQ0GfA_Baby_cry__infant_cry,19
404cD3bVXDc_Baby_cry__infant_cry,19
0E0o-8_58fw_Baby_cry__infant_cry,19
1vQZZPcRtx0_Baby_cry__infant_cry,19
2Rq2cR19NSs_Baby_cry__infant_cry,19
6T2jEKesKXY_Baby_cry__infant_cry,19
5R5Dqf2jDl8_Baby_cry__infant_cry,19
3n7sX00cTfc_Baby_cry__infant_cry,19
73phKdahss8_Baby_cry__infant_cry,19
1b2YZNhlqtg_Baby_cry__infant_cry,19
3qUbjqwGIx8_Baby_cry__infant_cry,19
0E54ik_vxRc_Baby_cry__infant_cry,19
5XAQtqdwHs4_Baby_cry__infant_cry,19
5K_c4LG7CEE_Baby_cry__infant_cry,19
1td9aN7Uyl8_Baby_cry__infant_cry,19
1icEOZdgkVY_Baby_cry__infant_cry,19
5OpofS7t6rc_Baby_cry__infant_cry,19
07m3-FOJQ-Q_Baby_cry__infant_cry,19
3ZqnmeJ_ubA_Baby_cry__infant_cry,19
-PNqdzaF-wI_Baby_cry__infant_cry,19
-32IrasDuMg_Baby_cry__infant_cry,19
3bJJj6UGOqs_Baby_cry__infant_cry,19
2YrdbClQARE_Baby_cry__infant_cry,19
6DTs2GTeo1c_Baby_cry__infant_cry,19
-d7tBjntkW8_Baby_cry__infant_cry,19
-cRjlU1MFnc_Baby_cry__infant_cry,19
6DLN8tVcGuE_Baby_cry__infant_cry,19
79POyHO-x-Q_Baby_cry__infant_cry,19
4P_mI7FywCo_Baby_cry__infant_cry,19
0844IZkzDRU_Baby_cry__infant_cry,19
600A47_b9i4_Baby_cry__infant_cry,19
31RoH8KSJMo_Baby_cry__infant_cry,19
5v7pr-IeVyA_Baby_cry__infant_cry,19
4vLJTOVpwuo_Baby_cry__infant_cry,19
3VUEqSpFZu0_Baby_cry__infant_cry,19
3oS1DK_35z4_Baby_cry__infant_cry,19
25P7qZO7D5E_Bus,20
1PKemz-clRI_Bus,20
2EuKVpWHuy0_Bus,20
-M6r14m8ctM_Bus,20
1S39w5HmIdU_Bus,20
0jS8QrZDNtY_Bus,20
2BZji3xXLY0_Bus,20
-Ga9sSkpngg_Bus,20
15w5MOkhlZI_Bus,20
0sbkEsiPq6g_Bus,20
1JFVQ5XHQUM_Bus,20
0zko3kG7Ayw_Bus,20
19fcAInBxQQ_Bus,20
03-DiPMGjO4_Bus,20
1jZuRipbx_0_Bus,20
1pH633JwD8M_Bus,20
0lDi5WzL3Wk_Bus,20
1hb8Y964l4E_Bus,20
1zhxj3rpBcU_Bus,20
1tNYuSweKpQ_Bus,20
20SQ6TwjChc_Bus,20
1AN5Mw54TB0_Bus,20
1FHVSLdJLD4_Bus,20
1l858z8JdmI_Bus,20
1gPl1s-ZJrE_Bus,20
1FguW6m0lwQ_Bus,20
0OQv6lO50nY_Bus,20
2BLhDlgeUbI_Bus,20
0LJ1Wzda0QE_Bus,20
-FEXRjcryZE_Bus,20
1vFbsn6XfMI_Bus,20
0HBAshYFBCU_Bus,20
-asB1JaTIy4_Bus,20
2HW0-AnfZ5I_Bus,20
20G6c9gIHug_Bus,20
-HeQfwKbFzg_Bus,20
1L41_50TpU4_Bus,20
0dXaMuJDY9g_Bus,20
-ZvRwGdJ3nY_Bus,20
-x-U1E7yolg_Bus,20
-x0bMWD8ftg_Bus,20
2AQJGLm5Px0_Bus,20
-i9JrqjYI3Q_Bus,20
-z-09mIT8EM_Bus,20
-12Z-4hvmyU_Bus,20
-HzzEuFBiDU_Bus,20
-7B4pbkIEas_Bus,20
0FJTPgjCfao_Bus,20
0G0mSrzOZ2M_Bus,20
1S6M83V1LjI_Bus,20
-8YTu7ZGA2w_Bus,20
2ALDrHu6ZPk_Bus,20
0CFPiVzxuWc_Bus,20
-rKcmCOBuRc_Bus,20
058yNW0UZ48_Bus,20
05fWVEnDyDA_Bus,20
1bTqpdsaS88_Bus,20
6VRcINAY7KE_Chainsaw,21
1xg5haxzjFQ_Chainsaw,21
-eV9hw6kPRU_Chainsaw,21
6NOW0_HuUCQ_Chainsaw,21
49wP_Zmqkyc_Chainsaw,21
6hS3y44hjrI_Chainsaw,21
0NOfrBTZC_M_Chainsaw,21
-GnKRy1-NFo_Chainsaw,21
92sTzXubUgQ_Chainsaw,21
67PlMRhS5qc_Chainsaw,21
0knV4q5Sx_c_Chainsaw,21
0M3AYnUPk4g_Chainsaw,21
2GfYNfKtpK0_Chainsaw,21
2Dv8SGM7W1A_Chainsaw,21
7SChBv97cmg_Chainsaw,21
7ckyVndW6R8_Chainsaw,21
2mBAi3PkE4U_Chainsaw,21
6-DAiSEzRA4_Chainsaw,21
1SAw44hg6sg_Chainsaw,21
5jPxN86-2P0_Chainsaw,21
5NqpmNqPDeQ_Chainsaw,21
32QJbdusIQw_Chainsaw,21
0IStDugr5uA_Chainsaw,21
7ly236Hvae0_Chainsaw,21
6tXkKR9EU6w_Chainsaw,21
0rbECchexqE_Chainsaw,21
384nku0gUe4_Chainsaw,21
-ZkNKo9mEFI_Chainsaw,21
3O92j7ue-hE_Chainsaw,21
2XVl8t1-XOM_Chainsaw,21
7TRrkoz8iYw_Chainsaw,21
6YmkVpYLK0k_Chainsaw,21
6gLbCktiyAM_Chainsaw,21
6-WxHsmNta8_Chainsaw,21
-R69Fa-mCaY_Chainsaw,21
-g-_Lwk4iDo_Chainsaw,21
5zSPUfVm32A_Chainsaw,21
7bMHefrBuYg_Chainsaw,21
6LqiQrUchhM_Chainsaw,21
0Ux3G_cg79s_Chainsaw,21
7K40HZUhoqs_Chainsaw,21
-Jy1RH9XZz0_Chainsaw,21
1CQR2Nh6ZaU_Chainsaw,21
33SlPXN3NPk_Chainsaw,21
73mQmyZZsSw_Chainsaw,21
-DVM0BK_h5A_Chainsaw,21
7YkRGfxAA8s_Chainsaw,21
-8S9TKWIOSc_Chainsaw,21
3Sby3LP-cbU_Chainsaw,21
5a_LPLNtBQs_Chainsaw,21
0BMj7EIexwU_Chainsaw,21
8WMRrXWeepA_Chainsaw,21
4f1R36qriMc_Chainsaw,21
5HkTArPiX8E_Chainsaw,21
610TuLNPepE_Chainsaw,21
8Il3FjtL0Rs_Chainsaw,21
4YPYs-bHaR4_Chainsaw,21
83C1jdaWwSg_Chainsaw,21
0UgbKFIfyGY_Chainsaw,21
1JWevjhd6Wk_Chainsaw,21
93C94T6TfhA_Chainsaw,21
5jpVVYSD1gk_Chainsaw,21
3C1EACXWbnM_Chainsaw,21
3RFUrX4lRM8_Chainsaw,21
45RDZ3owtvY_Chainsaw,21
0o-iYXYbPCE_Chainsaw,21
0QZ-JK2Ch4E_Chainsaw,21
5IxlZtup57Y_Chainsaw,21
4leF1RwXFSE_Chainsaw,21
0tray-DsgLA_Chainsaw,21
22fW30DrCU8_Chainsaw,21
2WogzOS_D9Q_Chainsaw,21
-lq97ErUIZQ_Chainsaw,21
-MwY3HhnYVY_Chainsaw,21
52ZWWG4WnSw_Chainsaw,21
2IyjdEYNwnY_Chainsaw,21
1SqYA6OW3ns_Chainsaw,21
0j6rg-m7C5g_Chainsaw,21
2HLpx5mqvW8_Chainsaw,21
8PEb0vP7xWc_Chainsaw,21
-zHk3s6BkpA_Chainsaw,21
0dMJ7dlPzWs_Chainsaw,21
7eAIvG3uFjo_Chainsaw,21
5CkG2GTiK4M_Chainsaw,21
7-18CoeAuA0_Chainsaw,21
4kd99qbm25I_Chainsaw,21
-4w4BTgp3hk_Chainsaw,21
0hMZVFUXwHo_Chainsaw,21
8yBGrAo62iQ_Chainsaw,21
1KyF6q2TTEA_Chainsaw,21
41_75OEwYGo_Chainsaw,21
3sMa94JiLZI_Chainsaw,21
18NpKwKl6Rk_Chainsaw,21
0s0FLwW_Zsk_Chainsaw,21
29y1jdo96jw_Chainsaw,21
4iNH5KcANLw_Chainsaw,21
5OWCQl64pXc_Chainsaw,21
-oL-TYoSpzs_Chainsaw,21
24ywlO1l1mE_Chainsaw,21
2aQ4JPV-pBM_Chainsaw,21
-mMYhIxQXH0_Chainsaw,21
0fjrDsLr_aE_Chainsaw,21
54PhWYrDTgw_Chainsaw,21
1ur8hokq-Cs_Chainsaw,21
2kqRYTWKKIk_Chainsaw,21
8np7wFQdfXg_Chainsaw,21
-x5unSmYREU_Chainsaw,21
8VbyyhCscVc_Chainsaw,21
8NY3TWbkg3I_Chainsaw,21
5bM3Syf1KN0_Chainsaw,21
5F19VZEOOzc_Chainsaw,21
5CWAf-BtBCQ_Chainsaw,21
0eXu0vIIMVc_Chainsaw,21
1C0bH19uXh0_Chainsaw,21
-RNbb1ZTu8Y_Chainsaw,21
7EJ1TlhoFKc_Chainsaw,21
7Cm9bUZNVuk_Chainsaw,21
8wQhYN24WMM_Chainsaw,21
7cPo0JhnJjQ_Chainsaw,21
-Lid8aDC01I_Chainsaw,21
7YDNwy5GKGA_Chainsaw,21
7YUPoS4bD24_Chainsaw,21
-eztaN83LCY_Chainsaw,21
4IXh4lRq_Hs_Chainsaw,21
4voVgILqCoA_Chainsaw,21
0ZJehw_Ug-g_Chainsaw,21
2LL9rfu1PRg_Chainsaw,21
3Uxn1085Ld4_Chainsaw,21
0NV_lqGSV2s_Cat,22
1-uo7YWqF3Q_Cat,22
-2BR7sVLPCE_Cat,22
-Hh5VlW3pFE_Cat,22
-NrpfrEGq5w_Cat,22
-TYGdSo47xo_Cat,22
0N1kcuX-OzU_Cat,22
-HLTp7gPBEw_Cat,22
0DtJdRFPmS4_Cat,22
-opg33-301Y_Cat,22
0cLM26AotU4_Cat,22
0Am7X758-Ek_Cat,22
0-DNtl3i7D8_Cat,22
16qY5bRnCIA_Cat,22
-rGHegPzCpc_Cat,22
0JjBqqqpFQc_Cat,22
0ZyO42c3QEE_Cat,22
141v5oRfUHM_Cat,22
-sTnP0BeOS4_Cat,22
-RdJHmQRQBc_Cat,22
0JNJup0MbiM_Cat,22
0XMeGiszPYE_Cat,22
0JBwMNEkT_Q_Cat,22
0gbDQgRMlR4_Cat,22
0KpBwr4IzrM_Cat,22
0R4uO4Vy9c0_Cat,22
13QUBj_VlIc_Cat,22
-w3qkf-V-PY_Cat,22
0_kuKQlFKZg_Cat,22
0WLZoOhg4LE_Cat,22
0LvT0CnBxJg_Cat,22
0kN-0Fd438w_Cat,22
12DVEOpqaBs_Cat,22
0ZZ_wdnsc10_Cat,22
0wIzA4IT9pk_Cat,22
0fbZ0tskFjw_Cat,22
0mPGogIwkhk_Cat,22
-PK81pz3534_Cat,22
06Mm032486Q_Cat,22
07RqWEmSIzA_Cat,22
-K4YNOAqf9E_Cat,22
0ylf1enGlGw_Cat,22
0q1Ytfn8yMU_Cat,22
-nUTC_TgRCk_Cat,22
-Ivf63hDvzc_Cat,22
0F7yaWNgTGg_Cat,22
-2kErLFAk5k_Cat,22
0W_gYR6p-D0_Cat,22
0MdkcazmOEg_Horse,23
0KsA_9pti2A_Horse,23
0rT6_dsReRk_Horse,23
0mbqh5N2olU_Horse,23
24wb6efOb4w_Horse,23
-7uB0O_imb4_Horse,23
-v4mnvwHHXM_Horse,23
-AfJKhf6P3U_Horse,23
09nSnH52l5E_Horse,23
1Mn746Z3z64_Horse,23
1PVQpJRKSmc_Horse,23
0Zx-Jsv0frs_Horse,23
0Q7puDxRQ0g_Horse,23
0e_96pcTzKQ_Horse,23
-DlpGYhmO4A_Horse,23
-yIX8Jn8_xE_Horse,23
1ni2n7qcjDI_Horse,23
2BmteeUl5IE_Horse,23
-2TWQG-UIug_Horse,23
1dzHeBGZ6zA_Horse,23
28uKkF5kal0_Horse,23
031vhuk_TIE_Horse,23
-SA7KkTZVLg_Horse,23
08ty9EupxAY_Horse,23
2707wKpFKNU_Horse,23
0y6GuTFwHT8_Horse,23
0FgdBZZ_p_U_Horse,23
-pbxZsS46l0_Horse,23
1vIeAq7LWJ4_Horse,23
-24upzjhJkE_Horse,23
1X5JrJwNOZw_Horse,23
-vzV7iufYUM_Horse,23
0ijnYlcJQ6w_Horse,23
1OB2TC-aAqY_Horse,23
1AChh0gWG2Y_Horse,23
22v1cEKvuzA_Horse,23
-PjURNLAvJk_Horse,23
-a-wlKLZrZk_Horse,23
-0TTFAArJ9k_Horse,23
0DAv1iGmE8M_Horse,23
-TZmzuXs5j0_Horse,23
0yi_TPU7aJE_Horse,23
0qlmhspx2QY_Horse,23
-EWvMAkKDRM_Horse,23
24s-IJkY8SU_Horse,23
1KCSr5ZzcLg_Horse,23
0Imh6WB4s70_Horse,23
04sM4m4NMeE_Horse,23
0hdET5bXEwU_Horse,23
1SSWnom8y8w_Horse,23
15zkG9rNDx4_Horse,23
15A-Kc9BlHo_Horse,23
2QTH4_WQlgg_Toilet_flush,24
1NbkO1auM1U_Toilet_flush,24
-BZ6I5i_kW4_Toilet_flush,24
1ZL1yUitzWI_Toilet_flush,24
1sGbBTYBxDg_Toilet_flush,24
7CrU_VpMADs_Toilet_flush,24
6O-2-LU4V1w_Toilet_flush,24
6fcdYBdZ7qg_Toilet_flush,24
0lqGcL0-uVA_Toilet_flush,24
4NZCBEZbIDA_Toilet_flush,24
2k0odEpLIkc_Toilet_flush,24
53jtALXeS7U_Toilet_flush,24
6mzqYl0UccI_Toilet_flush,24
3pc-_xaVLik_Toilet_flush,24
4z2LSoUlWYk_Toilet_flush,24
0aZ3vvM4V34_Toilet_flush,24
3slY8qx8ZeI_Toilet_flush,24
1IgfQE4GT1Q_Toilet_flush,24
3OBX7R7QzgY_Toilet_flush,24
13AbnrWanPk_Toilet_flush,24
3FrK3RhGFGc_Toilet_flush,24
1ekAFZ9NAb4_Toilet_flush,24
2ErfX6ZT5pM_Toilet_flush,24
0uIe4dKUC1s_Toilet_flush,24
-NW2pPAToFM_Toilet_flush,24
2hJBV9mb1CA_Toilet_flush,24
6-Ok_3WzP5k_Toilet_flush,24
7cgTsdhfn7s_Toilet_flush,24
16b9HjgnmrY_Toilet_flush,24
1aNLeVBB9RQ_Toilet_flush,24
0pog2KWcd9c_Toilet_flush,24
4tj_DVfp0ME_Toilet_flush,24
0xh0x5wL_lg_Toilet_flush,24
0sYcEVTfF2E_Toilet_flush,24
4IF49XmNCaw_Toilet_flush,24
6OyU42uWOo0_Toilet_flush,24
-8ju6V8B5Oc_Toilet_flush,24
0iXJOAHwsYg_Toilet_flush,24
19PS9dyGe64_Toilet_flush,24
-wyF3xGM95g_Toilet_flush,24
7Qgy2XzDSwo_Toilet_flush,24
3rzg4ObzNL0_Toilet_flush,24
3drnEnI8bls_Toilet_flush,24
6YKWV3Hcsp8_Toilet_flush,24
5oyi3Y7pSI8_Toilet_flush,24
2CJmpimozlY_Toilet_flush,24
5X8F5Sthk4Q_Toilet_flush,24
-nWUVq5s7cM_Toilet_flush,24
7yjRBNhB9FI_Toilet_flush,24
0ZVdHyRbCCo_Toilet_flush,24
5UhruQpf9Rs_Toilet_flush,24
3RaZ_DvJEsM_Toilet_flush,24
0JaJdfEOar0_Toilet_flush,24
2rbGcfo-k_Q_Toilet_flush,24
4U9CtLJhpsQ_Toilet_flush,24
3XZcJfZsVhA_Toilet_flush,24
0fr57nOHOEU_Toilet_flush,24
26-HMlPhve4_Toilet_flush,24
5-AIETMDRaI_Toilet_flush,24
0gKyoOENUBM_Toilet_flush,24
1V4NpKTUooo_Toilet_flush,24
5n_V4gu8Fu8_Toilet_flush,24
-dX5RtfumBA_Toilet_flush,24
6uay86VYVY0_Toilet_flush,24
6MBc6UrEv5Y_Toilet_flush,24
7siHuS7Veio_Toilet_flush,24
0eh_N-cmcuI_Toilet_flush,24
6F-1DUQjoGY_Toilet_flush,24
340EYwluUio_Toilet_flush,24
4pgGIwd2wto_Toilet_flush,24
7__8AVfo2bk_Toilet_flush,24
3YGtfWG_KT8_Toilet_flush,24
462mYhjswJo_Toilet_flush,24
5cRwwBaGtTA_Toilet_flush,24
6U7HcpVhQ1A_Toilet_flush,24
6fUn9gGkTIo_Toilet_flush,24
-2FVPRdbLdA_Toilet_flush,24
20nyHEh2HW0_Toilet_flush,24
0j9aw8s6s1s_Toilet_flush,24
7HakzscblZY_Toilet_flush,24
4GqZD3eNvIs_Toilet_flush,24
4NHy8ARu1cc_Toilet_flush,24
3fLlgNDZjLo_Toilet_flush,24
7ih9QYtw9ko_Toilet_flush,24
-aI2lItV7zE_Toilet_flush,24
6gbLFPKcV4A_Toilet_flush,24
-F6GfPwjLWo_Toilet_flush,24
6IIDZWPcSd8_Toilet_flush,24
4uRizWpSXAc_Toilet_flush,24
27tTKJuekQc_Toilet_flush,24
0HWIjjmpVtY_Toilet_flush,24
1PLtmuFO66E_Toilet_flush,24
6gtQ1amk3sk_Toilet_flush,24
4nN9QuT_OJM_Toilet_flush,24
2IxkjMrJxng_Toilet_flush,24
0AkjDhg9u24_Toilet_flush,24
0iSQ-tdp1mo_Toilet_flush,24
-LnYUCuNUuI_Toilet_flush,24
6Fc6-GVxFcU_Toilet_flush,24
3CGHvxFDc3Q_Toilet_flush,24
2cli1cg7SSA_Toilet_flush,24
4CszE2N1TGw_Toilet_flush,24
4psMVnfOCIs_Toilet_flush,24
59UL9Up9a3o_Toilet_flush,24
706Lzd73Ib4_Toilet_flush,24
6OTNz254tQw_Toilet_flush,24
2n4qR03SjnY_Toilet_flush,24
2cBdAvV0_zs_Toilet_flush,24
-fC8_UodWjA_Toilet_flush,24
3-0K2zuTwl4_Toilet_flush,24
165AVh_q4iw_Toilet_flush,24
0plDocPM9Ig_Toilet_flush,24
7pxNDwMWoIo_Toilet_flush,24
6ExErkijGaA_Toilet_flush,24
0um2ui52eyo_Toilet_flush,24
-ygqz4jLcsk_Toilet_flush,24
4MILPH5z3no_Toilet_flush,24
1Tb7c70fJBs_Toilet_flush,24
0z5TRiOKlX4_Toilet_flush,24
-0X1juZHG6I_Toilet_flush,24
53ktQBZmxUM_Toilet_flush,24
46UxneRS0Vw_Toilet_flush,24
3lw0xavwWGE_Toilet_flush,24
0mj46Xhzx1Y_Toilet_flush,24
5S6J-aM-BAU_Toilet_flush,24
7UynE2aCvIQ_Toilet_flush,24
0xdJWDNLZrE_Toilet_flush,24
6iK8csUljY8_Toilet_flush,24
4SIuuAQ3YLk_Toilet_flush,24
1sTktH04-fw_Toilet_flush,24
5bIuMNKRpTk_Toilet_flush,24
2BwiNhqCOFg_Toilet_flush,24
0PcvfVZo9e4_Toilet_flush,24
-YkIP4iqElA_Toilet_flush,24
64coFYUI4f0_Toilet_flush,24
5EcrQhp7We0_Toilet_flush,24
6MGkrvH8Ntc_Toilet_flush,24
79y6PHjXnd8_Toilet_flush,24
5sJchly9MHM_Toilet_flush,24
13YvwUoLde8_Toilet_flush,24
4r8uFqPOpqU_Toilet_flush,24
2jAVRDkz42M_Toilet_flush,24
4ltnOsbLIJI_Toilet_flush,24
0U6b1Vnj3G0_Toilet_flush,24
NGeniwxDzJ0_Rodents__rats__mice,25
UtnGtAYOPgM_Rodents__rats__mice,25
PI7yhz-tJHE_Rodents__rats__mice,25
TlOn_lpCm18_Rodents__rats__mice,25
LVB5JLa02Ao_Rodents__rats__mice,25
IVGD0NIQV8A_Rodents__rats__mice,25
EQpGf4WuG7c_Rodents__rats__mice,25
Pdq_2YWF1uM_Rodents__rats__mice,25
IvVnD_mLBuk_Rodents__rats__mice,25
QUZvIWAZR30_Rodents__rats__mice,25
3HZW_jh_W1w_Rodents__rats__mice,25
N0e-DZo7gDk_Rodents__rats__mice,25
CGk8_igDsrQ_Rodents__rats__mice,25
ClHChIXxFEA_Rodents__rats__mice,25
5rSgETYVSos_Rodents__rats__mice,25
Gnu1-w9OGME_Rodents__rats__mice,25
32oM4n7_zIg_Rodents__rats__mice,25
Oa-tEOY8AbM_Rodents__rats__mice,25
38uu1ak250Q_Rodents__rats__mice,25
5xzWbwNa7ao_Rodents__rats__mice,25
AWH7nE0vekg_Rodents__rats__mice,25
E42iUkOceR4_Rodents__rats__mice,25
HnfWFs-WAaI_Rodents__rats__mice,25
OOOBgAH8wcg_Rodents__rats__mice,25
US_NJY_cGqw_Rodents__rats__mice,25
TiUhiac-h9g_Rodents__rats__mice,25
OdA8N1rJiqI_Rodents__rats__mice,25
1Y6VeYpbjTc_Rodents__rats__mice,25
TnHgoYkQNJw_Rodents__rats__mice,25
CkEHOGkaWVM_Rodents__rats__mice,25
0Vs7nFMvXNY_Rodents__rats__mice,25
-b4JMeZ0b7o_Rodents__rats__mice,25
7RAzgVy3rIQ_Rodents__rats__mice,25
Nhzfm5a_Ccc_Rodents__rats__mice,25
6vFGQG5S0sE_Rodents__rats__mice,25
TqF9Sx4H80k_Rodents__rats__mice,25
Dfh6xRSGlqI_Rodents__rats__mice,25
QSgcILqpobA_Rodents__rats__mice,25
N6IZKKaC-g4_Rodents__rats__mice,25
FYb9xEnGCe8_Rodents__rats__mice,25
SdfCXfi8rEQ_Rodents__rats__mice,25
4tgjvpFd6mc_Rodents__rats__mice,25
1kpACW26nwQ_Rodents__rats__mice,25
QaOUSPDHEf0_Rodents__rats__mice,25
P2rxsLfj0YM_Rodents__rats__mice,25
HhhOprRsph4_Rodents__rats__mice,25
S_AabZx8Dt4_Rodents__rats__mice,25
RnoOv3CclYE_Rodents__rats__mice,25
MHyPznr64D0_Rodents__rats__mice,25
DjmrZ8XuPvw_Rodents__rats__mice,25
MdhzTOn1VL8_Rodents__rats__mice,25
5wZT7mokZU8_Rodents__rats__mice,25
CtateQuT2dA_Rodents__rats__mice,25
HH8vEISptZs_Rodents__rats__mice,25
8lXrIvCE_8k_Rodents__rats__mice,25
T0VG1tFyQqk_Rodents__rats__mice,25
SzDNOcKjv0w_Rodents__rats__mice,25
5ythNyShhns_Rodents__rats__mice,25
0Aej-3XtYe8_Rodents__rats__mice,25
V4oMJ55Y0tQ_Rodents__rats__mice,25
FK72LXvYczQ_Rodents__rats__mice,25
7kG36hjhqjI_Rodents__rats__mice,25
2EoPvjQBmYw_Rodents__rats__mice,25
AElKZMncLE8_Rodents__rats__mice,25
A9m3IfjUHzU_Rodents__rats__mice,25
1hNwQMJtGew_Rodents__rats__mice,25
-egjyoLyd9M_Rodents__rats__mice,25
4nvAbP6wXDA_Rodents__rats__mice,25
REmLDxwkVbI_Rodents__rats__mice,25
OAu1bLMPjDU_Rodents__rats__mice,25
6w4l_n6EtSs_Rodents__rats__mice,25
0ZrKs1wPhj4_Rodents__rats__mice,25
HOJ2UB2cgHQ_Rodents__rats__mice,25
2t0HUQleGwU_Rodents__rats__mice,25
GitfyDrmRMA_Rodents__rats__mice,25
L4Z-cfsZpqM_Rodents__rats__mice,25
AtzjFy0J8Pw_Rodents__rats__mice,25
PknTjUTTUkU_Rodents__rats__mice,25
E5GTVPpvEdA_Rodents__rats__mice,25
Do4yhF0qy2c_Rodents__rats__mice,25
XPOmFzI3d_4_Rodents__rats__mice,25
Qlwi0rip8Ok_Rodents__rats__mice,25
GYvApvHOPXc_Rodents__rats__mice,25
9-iVuKsU8ZI_Rodents__rats__mice,25
ByNj4TXWBEQ_Rodents__rats__mice,25
GFQh_g43VJg_Rodents__rats__mice,25
NhGcMBr02XU_Rodents__rats__mice,25
B6FTK6wDxek_Rodents__rats__mice,25
0REH7oc48C0_Rodents__rats__mice,25
5qighAQ1e9o_Accordion,26
5csyeJ9nUS0_Accordion,26
-JsikDzLCCM_Accordion,26
4GfRuU0co_s_Accordion,26
1_FTfTT2LAo_Accordion,26
5O8BDxtMyJA_Accordion,26
-iiS6mvkJ98_Accordion,26
654qgMz76aw_Accordion,26
5s-U1c1v1pc_Accordion,26
1Thqsodw3zI_Accordion,26
3G5jnxpYvuk_Accordion,26
5mNBJX2k86Y_Accordion,26
-wJ_UfBsiR0_Accordion,26
0jAkSpqFe4s_Accordion,26
3lFpHntzsQk_Accordion,26
04iE2o1tI8A_Accordion,26
5kk8Lh-hkDA_Accordion,26
5bxBvNXyvMg_Accordion,26
12oeAh4LY5M_Accordion,26
-B9wAxd_V1Y_Accordion,26
3L-W2J58JIQ_Accordion,26
2VrHvYfwDJs_Accordion,26
3TgynDX3F24_Accordion,26
-e-68LOpw8k_Accordion,26
1VH8orDEFWQ_Accordion,26
0AHmq7QIw84_Accordion,26
0woZIMV4oUY_Accordion,26
31hTm01pRWc_Accordion,26
3T78h81cfjc_Accordion,26
3wSDhSz2Vso_Accordion,26
3WUg_23Of9M_Accordion,26
0Pk3d8Qn6p4_Accordion,26
4le8iYwhXWM_Accordion,26
4eA0l180YJ4_Accordion,26
2gbZcKSZrIw_Accordion,26
1zhF0576vOE_Accordion,26
1UmPZEeakuQ_Accordion,26
1oH-wBFq1W4_Accordion,26
-uC-9agJePc_Accordion,26
606_sP5xcBE_Accordion,26
0QkQ6rmXaoE_Accordion,26
1Qcxwho5ZLQ_Accordion,26
1WU5LO1iuAo_Accordion,26
-KWCA1xtWMw_Accordion,26
4sSDv9FgoEM_Accordion,26
1oPiseY5V7k_Accordion,26
-g4i39nadkQ_Accordion,26
0Y1JH8PdHAA_Accordion,26
3VwTd49SD20_Accordion,26
2gKVPdwv_V0_Accordion,26
4n8pYPmS5Qg_Accordion,26
5EFaFY2DC2g_Accordion,26
-KTh-902ahg_Accordion,26
5lg7tAt37Mc_Accordion,26
5e4u9ZWa8-A_Accordion,26
1hpHdOhsYH8_Accordion,26
5G6475OUa2U_Accordion,26
3dd6zwvS_T4_Accordion,26
1PKD-E08Gjw_Accordion,26
5vim6-ZYt3k_Accordion,26
102AA0bK0MM_Accordion,26
4MaM8LiTnKI_Accordion,26
5u9QqiB08Fg_Accordion,26
6OItIlBb3HE_Accordion,26
0OtOrR70M1A_Accordion,26
-1qyr-IzqKY_Accordion,26
65grl-RBeYU_Accordion,26
-F53UmpWFVI_Accordion,26
6C57bZcFspA_Accordion,26
4ia3v_BKSwc_Accordion,26
2NXBlEASDaE_Accordion,26
052IeR23SLY_Accordion,26
4Dpz0hDkzXU_Accordion,26
3KX4lLlY_wE_Accordion,26
2TkdxEYOXok_Accordion,26
0gdMrriLgq8_Accordion,26
-Dqi6nNtnWI_Accordion,26
-LnO0gwFvTU_Accordion,26
48lpcyiTxKc_Accordion,26
1PgwxYCi-qE_Accordion,26
09o2OwlUCGI_Accordion,26
1z95dJG7j_w_Accordion,26
4sPa8dPpxQo_Accordion,26
-SdAy1I4yMA_Accordion,26
0WMRsztTttc_Accordion,26
5T65vrJoRpw_Accordion,26
2pUReM-XxNM_Accordion,26
09C0k_WRvBs_Accordion,26
5UMC51-0gtY_Accordion,26
57A_SvVsXhs_Accordion,26
3ci1kPrKql0_Accordion,26
1lyeA4D3Jdg_Accordion,26
4dN9JkRUQeU_Accordion,26
0N4aDYt8vmI_Accordion,26
0XGHiumhpJk_Accordion,26
4Hg_lTiWAFU_Accordion,26
1xp2bkdhYTE_Accordion,26
1BonlocdKno_Accordion,26
1Mxp8x6oMLA_Accordion,26
1YOusBqwlH4_Accordion,26
3YbDIoaSToo_Accordion,26
0v6guMGfNSo_Accordion,26
5hExI3Kf6bw_Accordion,26
1A714kYO3-c_Accordion,26
5z-8lQ4wcUU_Accordion,26
3bdNfXk6LBw_Accordion,26
0AcaYTOIa70_Accordion,26
57UBmQWiIAQ_Accordion,26
56g7w0ILhR8_Accordion,26
120GV2XLt24_Accordion,26
1jY3hxEIoO8_Accordion,26
0jInA3DyU5g_Accordion,26
1-oHRmh1WW0_Accordion,26
62xEtryKV3c_Accordion,26
0py8-5vgb4E_Accordion,26
5cO9CHPsJw8_Accordion,26
37OWeVIR4mY_Accordion,26
5FrzM4rzrpM_Accordion,26
3V19BOXDtfw_Accordion,26
5msMrDJBc2k_Accordion,26
4vO7r5CrjMk_Accordion,26
11k9cuOKQp4_Accordion,26
1h_DLog2ShA_Accordion,26
0zlyBNNnMPQ_Accordion,26
7ZywE3aGJic_Mandolin,27
5EMLPHVw-Lo_Mandolin,27
20vPrINHeuA_Mandolin,27
0fUNY8A28ec_Mandolin,27
3_behQKsK4A_Mandolin,27
5LA0aVjMj0I_Mandolin,27
37CYsr_mYcU_Mandolin,27
3Sybiyy5-84_Mandolin,27
1YddwZeJclU_Mandolin,27
3HCjfsCbhSg_Mandolin,27
3yb8RCz-inc_Mandolin,27
-xLzza6Vs9E_Mandolin,27
3fNSt8308kA_Mandolin,27
3tD9tWqs3vY_Mandolin,27
1comymCkUOw_Mandolin,27
4VXGKgVs7OM_Mandolin,27
4AoJaUOj7qA_Mandolin,27
4yyTYJqbfrM_Mandolin,27
0gZb1vbQ7Dg_Mandolin,27
7ydfkPYAdP0_Mandolin,27
7PZl6hYrQGo_Mandolin,27
--euLrzIU2Q_Mandolin,27
8NfFipaUxIA_Mandolin,27
-ty5tv-2kys_Mandolin,27
43JxC3HEirI_Mandolin,27
1h1Ldj0AIyY_Mandolin,27
022HkidFvBM_Mandolin,27
17oPgmdAHpQ_Mandolin,27
-0SMihT1X90_Mandolin,27
3taeKIlR87Y_Mandolin,27
29xIeTrEEiw_Mandolin,27
0pnDOF3NhMQ_Mandolin,27
4ftnQdEaLO8_Mandolin,27
0AYVQiBZsAc_Mandolin,27
-kCqe6T5Z0g_Mandolin,27
3s0QRMuXTnE_Mandolin,27
-bWRe1Ye7Ow_Mandolin,27
-REcc2uRttE_Mandolin,27
2rubMZze1XQ_Mandolin,27
3qJhvEuf5Dk_Mandolin,27
65lcpTDdpDs_Mandolin,27
62AGEzbSDl8_Mandolin,27
4KjRofnCO4Q_Mandolin,27
76mwPlRcZ5k_Mandolin,27
3kA4083nS9Y_Mandolin,27
1u3hR1PNYf4_Mandolin,27
5xzuSZKj0uw_Mandolin,27
7YW4KPkvQQE_Mandolin,27
2b01qjRiEH4_Mandolin,27
0JIRUKnBBSw_Mandolin,27
519276Ov9DM_Mandolin,27
7-4PhH-u8Cs_Mandolin,27
-ttXM3IZWdw_Mandolin,27
2gh21ppLuWk_Mandolin,27
1IW-nJTL6ks_Mandolin,27
3PZNLyK_qDk_Mandolin,27
3MB7Ek2Bulk_Mandolin,27
2vRtLDpWArQ_Mandolin,27
3OzTXUq0LF8_Mandolin,27
2MImeCGPEYA_Mandolin,27
1R41x5vaZrc_Mandolin,27
0VlA12PFjyA_Mandolin,27
49joX0fGwbE_Mandolin,27
5xufy1oMIuk_Mandolin,27
-8CXD9jIrq0_Mandolin,27
-FlzvDmSB4U_Mandolin,27
1f1lKnzb7t8_Mandolin,27
7snuAKV2CBg_Mandolin,27
0IJdy122ZBU_Mandolin,27
3etiG7dVUnM_Mandolin,27
4GEjlyAL09E_Mandolin,27
7OVe6SsV6do_Mandolin,27
5VMt2G3kRnc_Mandolin,27
6J6WXWwbwzU_Mandolin,27
7KcETZ7OImA_Mandolin,27
2xtFceWmoN0_Mandolin,27
71JU92CgsqU_Mandolin,27
5LU3qvw9Bn4_Mandolin,27
8WHUz9HFFTk_Mandolin,27
0DjLttpnWno_Mandolin,27
8TPo-6akAVg_Mandolin,27
-heyuRyaZm8_Mandolin,27
1T80lR_imB4_Mandolin,27
1n7amzH3-1E_Mandolin,27
6_gti7xIhWA_Mandolin,27
4Re2sksC_ko_Mandolin,27
0ZaqZ7fiYKU_Mandolin,27
6hBBOM8wkzY_Mandolin,27
3DT3b2CFlPE_Mandolin,27
4lWP5aaxR2A_Mandolin,27
2pZsbtl-iW8_Mandolin,27
4O4cWtwQ2dE_Mandolin,27
32Z6WApx7qM_Mandolin,27
-d11gZAN7lE_Mandolin,27
-WaJBvz02No_Mandolin,27
8RoMeFFg_xg_Mandolin,27
2ANGsFElxj8_Mandolin,27
0cwleiALqyg_Mandolin,27
-fUNb4eiu1w_Mandolin,27
0hNe-q4UWQk_Mandolin,27
4U6nLmvOACw_Mandolin,27
4BazFix9xzg_Mandolin,27
7Ykwy_WiS4A_Mandolin,27
1zTYiYCegfg_Mandolin,27
-M2VRuI_fuM_Mandolin,27
3XrjcaKqnP4_Mandolin,27
6pnALL8037Y_Mandolin,27
7vIzSOOkwJk_Mandolin,27
4cRs2izu8GI_Mandolin,27
3n6MExM371U_Mandolin,27
0IklLP7_kBw_Mandolin,27
1y75PiDzWsA_Mandolin,27
-_9pg2ryrx4_Mandolin,27
6f0kIeKOOfg_Mandolin,27
-wGAzd51XRE_Mandolin,27
1YJx9DzvNRw_Mandolin,27
07N2Oq2BT-c_Mandolin,27
-gREEONxBkk_Mandolin,27
7OYOdKAwfUY_Mandolin,27
7bJAub4sn5A_Mandolin,27
4Eh9n5CrXLk_Mandolin,27
-mMr3S6543A_Mandolin,27
-pC25Hmn8mw_Mandolin,27
-w1wd2EqrLU_Mandolin,27
47fxC07DN8Y_Mandolin,27
0YjhnZRUi-0_Mandolin,27
